study,subject_id,session_name,time_bin_start_s,leverpress_count_5s
1a,XIN1B,contextual_test,5.0,1
1a,XIN1B,contextual_test,60.0,1
1a,XIN1B,cue_test,5.0,1
1a,XIN1B,generalization_5k,5.0,1
1a,XIN1B,generalization_5k,210.0,1
1a,XIN1B,generalization_5k,430.0,1
1a,XIN1B,generalization_7k,5.0,1
1a,XIN1B,learning,0.0,1
1a,XIN1B,learning,125.0,1
1a,XIN1B,learning,190.0,1
1a,XIN1B,learning,390.0,1
1a,XIN1B,learning,505.0,1
1a,XIN1B,learning,800.0,1
1a,XIN1B,retest_cue,5.0,1
1a,XIN1B,retest_cue,125.0,1
1a,XIN1B,retest_cue,275.0,1
1a,XIN1G,contextual_test,5.0,1
1a,XIN1G,contextual_test,20.0,1
1a,XIN1G,contextual_test,30.0,1
1a,XIN1G,contextual_test,50.0,1
1a,XIN1G,contextual_test,140.0,1
1a,XIN1G,contextual_test,145.0,1
1a,XIN1G,generalization_5k,5.0,1
1a,XIN1G,generalization_5k,135.0,1
1a,XIN1G,generalization_5k,240.0,1
1a,XIN1G,generalization_5k,370.0,1
1a,XIN1G,generalization_5k,495.0,1
1a,XIN1G,generalization_5k,535.0,1
1a,XIN1G,generalization_7k,5.0,1
1a,XIN1G,learning,5.0,1
1a,XIN1G,learning,45.0,1
1a,XIN1G,learning,150.0,1
1a,XIN1G,learning,235.0,1
1a,XIN1G,learning,330.0,1
1a,XIN1G,learning,425.0,1
1a,XIN1G,learning,475.0,1
1a,XIN1G,learning,545.0,1
1a,XIN1G,learning,650.0,1
1a,XIN1G,learning,775.0,1
1a,XIN1G,learning,870.0,1
1a,XIN1G,retest_cue,10.0,1
1a,XIN1G,retest_cue,140.0,1
1a,XIN1G,retest_cue,270.0,1
1a,XIN1G,retest_cue,390.0,1
1a,XIN1G,retest_cue,520.0,1
1a,XIN1R,contextual_test,5.0,1
1a,XIN1R,cue_test,5.0,1
1a,XIN1R,cue_test,270.0,1
1a,XIN1R,generalization_5k,5.0,1
1a,XIN1R,generalization_7k,5.0,1
1a,XIN1R,learning,5.0,1
1a,XIN1R,learning,110.0,1
1a,XIN1R,learning,215.0,1
1a,XIN1R,learning,305.0,1
1a,XIN1R,learning,385.0,1
1a,XIN1R,learning,430.0,1
1a,XIN1R,learning,480.0,1
1a,XIN1R,learning,590.0,1
1a,XIN1R,retest_cue,10.0,1
1a,XIN2B,contextual_test,5.0,1
1a,XIN2B,cue_test,5.0,1
1a,XIN2B,cue_test,245.0,1
1a,XIN2B,cue_test,255.0,1
1a,XIN2B,cue_test,355.0,1
1a,XIN2B,cue_test,460.0,1
1a,XIN2B,generalization_5k,5.0,1
1a,XIN2B,generalization_7k,5.0,1
1a,XIN2B,generalization_7k,185.0,1
1a,XIN2B,generalization_7k,400.0,1
1a,XIN2B,learning,5.0,1
1a,XIN2B,learning,135.0,1
1a,XIN2B,learning,310.0,1
1a,XIN2B,learning,545.0,1
1a,XIN2B,learning,700.0,1
1a,XIN2B,learning,760.0,1
1a,XIN2B,learning,855.0,1
1a,XIN2B,learning,935.0,1
1a,XIN2B,learning,980.0,1
1a,XIN2B,learning,1005.0,1
1a,XIN2B,learning,1090.0,1
1a,XIN2B,retest_cue,5.0,1
1a,XIN2B,retest_cue,200.0,1
1a,XIN2B,retest_cue,390.0,1
1a,XIN2B,retest_cue,420.0,1
1a,XIN2B,retest_cue,545.0,1
1a,XIN2G,contextual_test,5.0,1
1a,XIN2G,cue_test,5.0,1
1a,XIN2G,cue_test,215.0,1
1a,XIN2G,generalization_5k,5.0,1
1a,XIN2G,generalization_5k,170.0,1
1a,XIN2G,generalization_5k,340.0,1
1a,XIN2G,generalization_5k,410.0,1
1a,XIN2G,generalization_5k,450.0,1
1a,XIN2G,generalization_7k,5.0,1
1a,XIN2G,generalization_7k,290.0,1
1a,XIN2G,generalization_7k,455.0,1
1a,XIN2G,generalization_7k,500.0,1
1a,XIN2G,learning,5.0,1
1a,XIN2G,learning,130.0,1
1a,XIN2G,learning,175.0,1
1a,XIN2G,learning,285.0,1
1a,XIN2G,learning,450.0,1
1a,XIN2G,learning,605.0,1
1a,XIN2G,learning,730.0,1
1a,XIN2G,learning,810.0,1
1a,XIN2G,learning,835.0,1
1a,XIN2G,learning,975.0,1
1a,XIN2G,learning,1105.0,1
1a,XIN2G,retest_cue,5.0,1
1a,XIN2G,retest_cue,120.0,1
1a,XIN2G,retest_cue,275.0,1
1a,XIN2G,retest_cue,380.0,1
1a,XIN2G,retest_cue,410.0,1
1a,XIN2G,retest_cue,510.0,1
1a,XIN2R,contextual_test,5.0,1
1a,XIN2R,contextual_test,130.0,1
1a,XIN2R,cue_test,5.0,1
1a,XIN2R,cue_test,155.0,1
1a,XIN2R,cue_test,305.0,1
1a,XIN2R,cue_test,360.0,1
1a,XIN2R,cue_test,505.0,1
1a,XIN2R,cue_test,540.0,1
1a,XIN2R,generalization_5k,5.0,1
1a,XIN2R,generalization_5k,70.0,1
1a,XIN2R,generalization_5k,120.0,1
1a,XIN2R,generalization_5k,130.0,1
1a,XIN2R,generalization_5k,240.0,1
1a,XIN2R,generalization_5k,345.0,1
1a,XIN2R,generalization_5k,445.0,1
1a,XIN2R,generalization_5k,465.0,1
1a,XIN2R,generalization_7k,5.0,1
1a,XIN2R,generalization_7k,150.0,1
1a,XIN2R,generalization_7k,265.0,1
1a,XIN2R,generalization_7k,425.0,1
1a,XIN2R,learning,5.0,1
1a,XIN2R,learning,125.0,1
1a,XIN2R,learning,230.0,1
1a,XIN2R,learning,325.0,1
1a,XIN2R,learning,410.0,1
1a,XIN2R,learning,460.0,1
1a,XIN2R,learning,580.0,1
1a,XIN2R,learning,665.0,1
1a,XIN2R,learning,770.0,1
1a,XIN2R,learning,865.0,1
1a,XIN2R,learning,975.0,1
1a,XIN2R,learning,1095.0,1
1a,XIN2R,learning,1135.0,1
1a,XIN2R,retest_cue,5.0,1
1a,XIN2R,retest_cue,60.0,1
1a,XIN2R,retest_cue,105.0,1
1a,XIN2R,retest_cue,115.0,1
1a,XIN2R,retest_cue,175.0,1
1a,XIN2R,retest_cue,275.0,1
1a,XIN2R,retest_cue,385.0,1
1a,XIN2R,retest_cue,455.0,1
1a,XIN3B,contextual_test,5.0,1
1a,XIN3B,contextual_test,130.0,1
1a,XIN3B,cue_test,5.0,1
1a,XIN3B,cue_test,250.0,1
1a,XIN3B,cue_test,315.0,1
1a,XIN3B,cue_test,410.0,1
1a,XIN3B,cue_test,555.0,1
1a,XIN3B,generalization_5k,5.0,1
1a,XIN3B,generalization_5k,205.0,1
1a,XIN3B,generalization_5k,320.0,1
1a,XIN3B,generalization_7k,5.0,1
1a,XIN3B,generalization_7k,225.0,1
1a,XIN3B,generalization_7k,420.0,1
1a,XIN3B,generalization_7k,435.0,1
1a,XIN3B,learning,5.0,1
1a,XIN3B,learning,140.0,1
1a,XIN3B,learning,190.0,1
1a,XIN3B,learning,200.0,1
1a,XIN3B,learning,220.0,1
1a,XIN3B,learning,315.0,1
1a,XIN3B,learning,410.0,1
1a,XIN3B,learning,540.0,1
1a,XIN3B,learning,670.0,1
1a,XIN3B,learning,770.0,1
1a,XIN3B,learning,880.0,1
1a,XIN3B,learning,990.0,1
1a,XIN3B,learning,1015.0,1
1a,XIN3B,learning,1195.0,1
1a,XIN3B,retest_cue,5.0,1
1a,XIN3B,retest_cue,225.0,1
1a,XIN3B,retest_cue,350.0,1
1a,XIN3B,retest_cue,405.0,1
1a,XIN3B,retest_cue,515.0,1
1a,XIN3G,contextual_test,5.0,1
1a,XIN3G,contextual_test,140.0,1
1a,XIN3G,cue_test,5.0,1
1a,XIN3G,cue_test,60.0,1
1a,XIN3G,cue_test,80.0,1
1a,XIN3G,cue_test,125.0,1
1a,XIN3G,cue_test,210.0,1
1a,XIN3G,cue_test,330.0,1
1a,XIN3G,cue_test,395.0,1
1a,XIN3G,cue_test,445.0,1
1a,XIN3G,cue_test,545.0,1
1a,XIN3G,generalization_5k,5.0,1
1a,XIN3G,generalization_5k,120.0,1
1a,XIN3G,generalization_5k,180.0,1
1a,XIN3G,generalization_5k,190.0,1
1a,XIN3G,generalization_5k,245.0,1
1a,XIN3G,generalization_5k,350.0,1
1a,XIN3G,generalization_5k,425.0,1
1a,XIN3G,generalization_5k,540.0,1
1a,XIN3G,generalization_7k,5.0,1
1a,XIN3G,generalization_7k,10.0,1
1a,XIN3G,generalization_7k,25.0,1
1a,XIN3G,generalization_7k,110.0,1
1a,XIN3G,generalization_7k,200.0,1
1a,XIN3G,generalization_7k,350.0,1
1a,XIN3G,generalization_7k,455.0,1
1a,XIN3G,generalization_7k,540.0,1
1a,XIN3G,learning,5.0,1
1a,XIN3G,learning,105.0,1
1a,XIN3G,learning,285.0,1
1a,XIN3G,learning,365.0,1
1a,XIN3G,learning,395.0,1
1a,XIN3G,learning,480.0,1
1a,XIN3G,learning,585.0,1
1a,XIN3G,learning,765.0,1
1a,XIN3G,learning,895.0,1
1a,XIN3G,learning,1025.0,1
1a,XIN3G,learning,1145.0,1
1a,XIN3G,retest_cue,5.0,1
1a,XIN3G,retest_cue,10.0,1
1a,XIN3G,retest_cue,155.0,1
1a,XIN3G,retest_cue,265.0,1
1a,XIN3G,retest_cue,300.0,1
1a,XIN3G,retest_cue,330.0,1
1a,XIN3G,retest_cue,400.0,1
1a,XIN3G,retest_cue,555.0,1
1a,XIN3R,contextual_test,5.0,1
1a,XIN3R,contextual_test,120.0,1
1a,XIN3R,contextual_test,170.0,1
1a,XIN3R,cue_test,5.0,1
1a,XIN3R,cue_test,175.0,1
1a,XIN3R,cue_test,275.0,1
1a,XIN3R,cue_test,445.0,1
1a,XIN3R,generalization_5k,5.0,1
1a,XIN3R,generalization_5k,180.0,1
1a,XIN3R,generalization_5k,275.0,1
1a,XIN3R,generalization_5k,385.0,1
1a,XIN3R,generalization_5k,485.0,1
1a,XIN3R,generalization_5k,535.0,1
1a,XIN3R,generalization_5k,550.0,1
1a,XIN3R,generalization_7k,5.0,1
1a,XIN3R,generalization_7k,85.0,1
1a,XIN3R,generalization_7k,200.0,1
1a,XIN3R,generalization_7k,240.0,1
1a,XIN3R,generalization_7k,380.0,1
1a,XIN3R,generalization_7k,465.0,1
1a,XIN3R,learning,5.0,1
1a,XIN3R,learning,125.0,1
1a,XIN3R,learning,310.0,1
1a,XIN3R,learning,415.0,1
1a,XIN3R,learning,460.0,1
1a,XIN3R,learning,590.0,1
1a,XIN3R,learning,740.0,1
1a,XIN3R,learning,830.0,1
1a,XIN3R,learning,840.0,1
1a,XIN3R,learning,905.0,1
1a,XIN3R,learning,1085.0,1
1a,XIN3R,retest_cue,5.0,1
1a,XIN3R,retest_cue,115.0,1
1a,XIN3R,retest_cue,210.0,1
1a,XIN3R,retest_cue,305.0,1
1a,XIN3R,retest_cue,430.0,1
1a,XIN4B,contextual_test,5.0,1
1a,XIN4B,contextual_test,125.0,1
1a,XIN4B,contextual_test,150.0,1
1a,XIN4B,contextual_test,165.0,1
1a,XIN4B,cue_test,5.0,1
1a,XIN4B,cue_test,150.0,1
1a,XIN4B,cue_test,175.0,1
1a,XIN4B,cue_test,225.0,1
1a,XIN4B,cue_test,305.0,1
1a,XIN4B,cue_test,465.0,1
1a,XIN4B,cue_test,530.0,1
1a,XIN4B,generalization_5k,5.0,1
1a,XIN4B,generalization_5k,155.0,1
1a,XIN4B,generalization_5k,160.0,1
1a,XIN4B,generalization_5k,245.0,1
1a,XIN4B,generalization_5k,285.0,1
1a,XIN4B,generalization_5k,420.0,1
1a,XIN4B,generalization_5k,525.0,1
1a,XIN4B,generalization_7k,5.0,1
1a,XIN4B,generalization_7k,115.0,1
1a,XIN4B,generalization_7k,220.0,1
1a,XIN4B,generalization_7k,390.0,1
1a,XIN4B,generalization_7k,450.0,1
1a,XIN4B,generalization_7k,555.0,1
1a,XIN4B,learning,5.0,1
1a,XIN4B,learning,65.0,1
1a,XIN4B,learning,160.0,1
1a,XIN4B,learning,245.0,1
1a,XIN4B,learning,285.0,1
1a,XIN4B,learning,360.0,1
1a,XIN4B,learning,500.0,1
1a,XIN4B,learning,545.0,1
1a,XIN4B,learning,610.0,1
1a,XIN4B,learning,765.0,1
1a,XIN4B,learning,860.0,1
1a,XIN4B,learning,945.0,1
1a,XIN4B,retest_cue,5.0,1
1a,XIN4B,retest_cue,125.0,1
1a,XIN4B,retest_cue,190.0,1
1a,XIN4B,retest_cue,285.0,1
1a,XIN4B,retest_cue,435.0,1
1a,XIN4G,contextual_test,5.0,1
1a,XIN4G,contextual_test,125.0,1
1a,XIN4G,cue_test,5.0,1
1a,XIN4G,cue_test,180.0,1
1a,XIN4G,cue_test,465.0,1
1a,XIN4G,generalization_5k,5.0,1
1a,XIN4G,generalization_5k,125.0,1
1a,XIN4G,generalization_5k,240.0,1
1a,XIN4G,generalization_5k,425.0,1
1a,XIN4G,generalization_5k,535.0,1
1a,XIN4G,generalization_7k,5.0,1
1a,XIN4G,generalization_7k,140.0,1
1a,XIN4G,generalization_7k,260.0,1
1a,XIN4G,learning,5.0,1
1a,XIN4G,learning,65.0,1
1a,XIN4G,learning,160.0,1
1a,XIN4G,learning,280.0,1
1a,XIN4G,learning,425.0,1
1a,XIN4G,learning,455.0,1
1a,XIN4G,learning,545.0,1
1a,XIN4G,learning,585.0,1
1a,XIN4G,learning,655.0,1
1a,XIN4G,learning,800.0,1
1a,XIN4G,retest_cue,5.0,1
1a,XIN4G,retest_cue,100.0,1
1a,XIN4G,retest_cue,210.0,1
1a,XIN4G,retest_cue,380.0,1
1a,XIN4G,retest_cue,495.0,1
1a,XIN4R,contextual_test,5.0,1
1a,XIN4R,cue_test,5.0,1
1a,XIN4R,cue_test,295.0,1
1a,XIN4R,cue_test,335.0,1
1a,XIN4R,generalization_5k,5.0,1
1a,XIN4R,generalization_7k,5.0,1
1a,XIN4R,learning,0.0,1
1a,XIN4R,learning,135.0,1
1a,XIN4R,learning,185.0,1
1a,XIN4R,learning,285.0,1
1a,XIN4R,learning,295.0,1
1a,XIN4R,learning,425.0,1
1a,XIN4R,learning,655.0,1
1a,XIN4R,retest_cue,5.0,1
1a,XIN4R,retest_cue,95.0,1
1b,XIN1B,pretest_contextual,5.0,1
1b,XIN1B,pretest_contextual,60.0,1
1b,XIN1B,pretest_cue,5.0,1
1b,XIN1B,retest_contextual,0.0,1
1b,XIN1B,retest_cue,5.0,1
1b,XIN1B,retest_cue,275.0,1
1b,XIN1B,retest_lever_baseline,10.0,1
1b,XIN1B,retest_lever_baseline,20.0,1
1b,XIN1B,retest_lever_baseline,30.0,1
1b,XIN1B,retest_lever_baseline,35.0,1
1b,XIN1B,retest_lever_baseline,120.0,1
1b,XIN1B,retest_lever_baseline,220.0,1
1b,XIN1B,retest_lever_baseline,380.0,1
1b,XIN1B,retest_lever_baseline,520.0,1
1b,XIN1B,retest_lever_baseline,595.0,1
1b,XIN1B,retest_lever_baseline,675.0,1
1b,XIN1B,retest_lever_baseline,765.0,1
1b,XIN1B,retest_lever_baseline,935.0,1
1b,XIN1B,retest_lever_baseline,1100.0,1
1b,XIN1B,retest_lever_baseline,1225.0,1
1b,XIN1B,retest_lever_baseline,1360.0,1
1b,XIN1B,retest_lever_baseline,1540.0,1
1b,XIN1B,retest_lever_baseline,1720.0,1
1b,XIN1B,retest_lever_baseline,1835.0,1
1b,XIN1B,retest_lever_baseline,1985.0,1
1b,XIN1B,retest_lever_baseline,2215.0,1
1b,XIN1B,retest_lever_baseline,2345.0,1
1b,XIN1B,retest_lever_baseline,2435.0,1
1b,XIN1B,retest_lever_baseline,2495.0,1
1b,XIN1B,retest_lever_baseline,2570.0,1
1b,XIN1B,retest_lever_baseline,2620.0,1
1b,XIN1B,retest_lever_baseline,2790.0,1
1b,XIN1B,retest_lever_baseline,2920.0,1
1b,XIN1B,retest_lever_baseline,2985.0,1
1b,XIN1B,retest_lever_baseline,3130.0,1
1b,XIN1B,retest_lever_baseline,3250.0,1
1b,XIN1B,retest_lever_baseline,3310.0,1
1b,XIN1B,retest_lever_baseline,3455.0,1
1b,XIN1B,retest_lever_baseline,3510.0,1
1b,XIN1G,pretest_contextual,5.0,1
1b,XIN1G,pretest_contextual,20.0,1
1b,XIN1G,pretest_contextual,30.0,1
1b,XIN1G,pretest_contextual,50.0,1
1b,XIN1G,pretest_contextual,140.0,1
1b,XIN1G,pretest_contextual,145.0,1
1b,XIN1G,retest_contextual,0.0,1
1b,XIN1G,retest_contextual,125.0,1
1b,XIN1G,retest_cue,20.0,1
1b,XIN1G,retest_cue,50.0,1
1b,XIN1G,retest_cue,65.0,1
1b,XIN1G,retest_cue,90.0,1
1b,XIN1G,retest_cue,240.0,1
1b,XIN1G,retest_cue,340.0,1
1b,XIN1G,retest_cue,390.0,1
1b,XIN1G,retest_lever_baseline,10.0,1
1b,XIN1G,retest_lever_baseline,90.0,1
1b,XIN1G,retest_lever_baseline,100.0,1
1b,XIN1G,retest_lever_baseline,205.0,1
1b,XIN1G,retest_lever_baseline,310.0,1
1b,XIN1G,retest_lever_baseline,375.0,1
1b,XIN1G,retest_lever_baseline,390.0,1
1b,XIN1G,retest_lever_baseline,470.0,1
1b,XIN1G,retest_lever_baseline,570.0,1
1b,XIN1G,retest_lever_baseline,650.0,1
1b,XIN1G,retest_lever_baseline,755.0,1
1b,XIN1G,retest_lever_baseline,915.0,1
1b,XIN1G,retest_lever_baseline,1050.0,1
1b,XIN1G,retest_lever_baseline,1185.0,1
1b,XIN1G,retest_lever_baseline,1240.0,1
1b,XIN1G,retest_lever_baseline,1335.0,1
1b,XIN1G,retest_lever_baseline,1460.0,1
1b,XIN1G,retest_lever_baseline,1510.0,1
1b,XIN1G,retest_lever_baseline,1630.0,1
1b,XIN1G,retest_lever_baseline,1720.0,1
1b,XIN1G,retest_lever_baseline,1750.0,1
1b,XIN1G,retest_lever_baseline,1875.0,1
1b,XIN1G,retest_lever_baseline,1985.0,1
1b,XIN1G,retest_lever_baseline,2100.0,1
1b,XIN1G,retest_lever_baseline,2230.0,1
1b,XIN1G,retest_lever_baseline,2340.0,1
1b,XIN1G,retest_lever_baseline,2410.0,1
1b,XIN1G,retest_lever_baseline,2500.0,1
1b,XIN1G,retest_lever_baseline,2620.0,1
1b,XIN1G,retest_lever_baseline,2785.0,1
1b,XIN1G,retest_lever_baseline,2980.0,1
1b,XIN1G,retest_lever_baseline,3065.0,1
1b,XIN1G,retest_lever_baseline,3095.0,1
1b,XIN1G,retest_lever_baseline,3150.0,1
1b,XIN1G,retest_lever_baseline,3290.0,1
1b,XIN1G,retest_lever_baseline,3380.0,1
1b,XIN1G,retest_lever_baseline,3505.0,1
1b,XIN1R,pretest_contextual,5.0,1
1b,XIN1R,pretest_cue,5.0,1
1b,XIN1R,pretest_cue,270.0,1
1b,XIN1R,retest_contextual,0.0,1
1b,XIN1R,retest_cue,20.0,1
1b,XIN1R,retest_lever_baseline,10.0,1
1b,XIN1R,retest_lever_baseline,160.0,1
1b,XIN1R,retest_lever_baseline,245.0,1
1b,XIN1R,retest_lever_baseline,260.0,1
1b,XIN1R,retest_lever_baseline,385.0,1
1b,XIN1R,retest_lever_baseline,450.0,1
1b,XIN1R,retest_lever_baseline,485.0,1
1b,XIN1R,retest_lever_baseline,555.0,1
1b,XIN1R,retest_lever_baseline,640.0,1
1b,XIN1R,retest_lever_baseline,745.0,1
1b,XIN1R,retest_lever_baseline,910.0,1
1b,XIN1R,retest_lever_baseline,1010.0,1
1b,XIN1R,retest_lever_baseline,1225.0,1
1b,XIN1R,retest_lever_baseline,1895.0,1
1b,XIN1R,retest_lever_baseline,2270.0,1
1b,XIN1R,retest_lever_baseline,2795.0,1
1b,XIN1R,retest_lever_baseline,3065.0,1
1b,XIN1R,retest_lever_baseline,3210.0,1
1b,XIN1R,retest_lever_baseline,3370.0,1
1b,XIN1R,retest_lever_baseline,3520.0,1
1b,XIN2B,pretest_contextual,5.0,1
1b,XIN2B,pretest_cue,5.0,1
1b,XIN2B,pretest_cue,245.0,1
1b,XIN2B,pretest_cue,255.0,1
1b,XIN2B,pretest_cue,355.0,1
1b,XIN2B,pretest_cue,460.0,1
1b,XIN2B,retest_contextual,0.0,1
1b,XIN2B,retest_cue,5.0,1
1b,XIN2B,retest_lever_baseline,10.0,1
1b,XIN2B,retest_lever_baseline,55.0,1
1b,XIN2B,retest_lever_baseline,155.0,1
1b,XIN2B,retest_lever_baseline,315.0,1
1b,XIN2B,retest_lever_baseline,560.0,1
1b,XIN2B,retest_lever_baseline,890.0,1
1b,XIN2B,retest_lever_baseline,1065.0,1
1b,XIN2B,retest_lever_baseline,2210.0,1
1b,XIN2B,retest_lever_baseline,2370.0,1
1b,XIN2B,retest_lever_baseline,3395.0,1
1b,XIN2B,retest_lever_baseline,3480.0,1
1b,XIN2G,pretest_contextual,5.0,1
1b,XIN2G,pretest_cue,5.0,1
1b,XIN2G,pretest_cue,215.0,1
1b,XIN2G,retest_contextual,15.0,1
1b,XIN2G,retest_cue,0.0,1
1b,XIN2G,retest_cue,270.0,1
1b,XIN2G,retest_cue,300.0,1
1b,XIN2G,retest_cue,410.0,1
1b,XIN2G,retest_lever_baseline,10.0,1
1b,XIN2G,retest_lever_baseline,205.0,1
1b,XIN2G,retest_lever_baseline,365.0,1
1b,XIN2G,retest_lever_baseline,475.0,1
1b,XIN2G,retest_lever_baseline,645.0,1
1b,XIN2G,retest_lever_baseline,795.0,1
1b,XIN2G,retest_lever_baseline,975.0,1
1b,XIN2G,retest_lever_baseline,1085.0,1
1b,XIN2G,retest_lever_baseline,1135.0,1
1b,XIN2G,retest_lever_baseline,1280.0,1
1b,XIN2G,retest_lever_baseline,1355.0,1
1b,XIN2G,retest_lever_baseline,1475.0,1
1b,XIN2G,retest_lever_baseline,1625.0,1
1b,XIN2G,retest_lever_baseline,1660.0,1
1b,XIN2G,retest_lever_baseline,1755.0,1
1b,XIN2G,retest_lever_baseline,1890.0,1
1b,XIN2G,retest_lever_baseline,1950.0,1
1b,XIN2G,retest_lever_baseline,2040.0,1
1b,XIN2G,retest_lever_baseline,2130.0,1
1b,XIN2G,retest_lever_baseline,2145.0,1
1b,XIN2G,retest_lever_baseline,2270.0,1
1b,XIN2G,retest_lever_baseline,2310.0,1
1b,XIN2G,retest_lever_baseline,2365.0,1
1b,XIN2G,retest_lever_baseline,2520.0,1
1b,XIN2G,retest_lever_baseline,2670.0,1
1b,XIN2G,retest_lever_baseline,2745.0,1
1b,XIN2G,retest_lever_baseline,2865.0,1
1b,XIN2G,retest_lever_baseline,2935.0,1
1b,XIN2G,retest_lever_baseline,3045.0,1
1b,XIN2G,retest_lever_baseline,3145.0,1
1b,XIN2G,retest_lever_baseline,3275.0,1
1b,XIN2G,retest_lever_baseline,3385.0,1
1b,XIN2G,retest_lever_baseline,3510.0,1
1b,XIN2R,pretest_contextual,5.0,1
1b,XIN2R,pretest_contextual,130.0,1
1b,XIN2R,pretest_cue,5.0,1
1b,XIN2R,pretest_cue,155.0,1
1b,XIN2R,pretest_cue,305.0,1
1b,XIN2R,pretest_cue,360.0,1
1b,XIN2R,pretest_cue,505.0,1
1b,XIN2R,pretest_cue,540.0,1
1b,XIN2R,retest_contextual,15.0,1
1b,XIN2R,retest_cue,0.0,1
1b,XIN2R,retest_cue,80.0,1
1b,XIN2R,retest_cue,180.0,1
1b,XIN2R,retest_cue,330.0,1
1b,XIN2R,retest_cue,355.0,1
1b,XIN2R,retest_lever_baseline,10.0,1
1b,XIN2R,retest_lever_baseline,40.0,1
1b,XIN2R,retest_lever_baseline,140.0,1
1b,XIN2R,retest_lever_baseline,155.0,1
1b,XIN2R,retest_lever_baseline,260.0,1
1b,XIN2R,retest_lever_baseline,295.0,1
1b,XIN2R,retest_lever_baseline,455.0,1
1b,XIN2R,retest_lever_baseline,570.0,1
1b,XIN2R,retest_lever_baseline,720.0,1
1b,XIN2R,retest_lever_baseline,935.0,1
1b,XIN2R,retest_lever_baseline,1195.0,1
1b,XIN2R,retest_lever_baseline,1285.0,1
1b,XIN2R,retest_lever_baseline,1380.0,1
1b,XIN2R,retest_lever_baseline,1490.0,1
1b,XIN2R,retest_lever_baseline,1625.0,1
1b,XIN2R,retest_lever_baseline,1755.0,1
1b,XIN2R,retest_lever_baseline,1830.0,1
1b,XIN2R,retest_lever_baseline,1860.0,1
1b,XIN2R,retest_lever_baseline,1970.0,1
1b,XIN2R,retest_lever_baseline,2035.0,1
1b,XIN2R,retest_lever_baseline,2190.0,1
1b,XIN2R,retest_lever_baseline,2300.0,1
1b,XIN2R,retest_lever_baseline,2465.0,1
1b,XIN2R,retest_lever_baseline,2645.0,1
1b,XIN2R,retest_lever_baseline,2690.0,1
1b,XIN2R,retest_lever_baseline,2790.0,1
1b,XIN2R,retest_lever_baseline,2815.0,1
1b,XIN2R,retest_lever_baseline,2845.0,1
1b,XIN2R,retest_lever_baseline,2950.0,1
1b,XIN2R,retest_lever_baseline,2975.0,1
1b,XIN2R,retest_lever_baseline,3020.0,1
1b,XIN2R,retest_lever_baseline,3130.0,1
1b,XIN2R,retest_lever_baseline,3250.0,1
1b,XIN2R,retest_lever_baseline,3425.0,1
1b,XIN2R,retest_lever_baseline,3480.0,1
1b,XIN2R,retest_lever_baseline,3555.0,1
1b,XIN3B,pretest_contextual,5.0,1
1b,XIN3B,pretest_contextual,130.0,1
1b,XIN3B,pretest_cue,5.0,1
1b,XIN3B,pretest_cue,250.0,1
1b,XIN3B,pretest_cue,315.0,1
1b,XIN3B,pretest_cue,410.0,1
1b,XIN3B,pretest_cue,555.0,1
1b,XIN3B,retest_contextual,20.0,1
1b,XIN3B,retest_cue,0.0,1
1b,XIN3B,retest_cue,140.0,1
1b,XIN3B,retest_cue,305.0,1
1b,XIN3B,retest_cue,470.0,1
1b,XIN3B,retest_lever_baseline,10.0,1
1b,XIN3B,retest_lever_baseline,110.0,1
1b,XIN3B,retest_lever_baseline,130.0,1
1b,XIN3B,retest_lever_baseline,235.0,1
1b,XIN3B,retest_lever_baseline,335.0,1
1b,XIN3B,retest_lever_baseline,445.0,1
1b,XIN3B,retest_lever_baseline,565.0,1
1b,XIN3B,retest_lever_baseline,675.0,1
1b,XIN3B,retest_lever_baseline,815.0,1
1b,XIN3B,retest_lever_baseline,965.0,1
1b,XIN3B,retest_lever_baseline,1115.0,1
1b,XIN3B,retest_lever_baseline,1370.0,1
1b,XIN3B,retest_lever_baseline,1515.0,1
1b,XIN3B,retest_lever_baseline,1580.0,1
1b,XIN3B,retest_lever_baseline,1735.0,1
1b,XIN3B,retest_lever_baseline,1775.0,1
1b,XIN3B,retest_lever_baseline,1780.0,1
1b,XIN3B,retest_lever_baseline,1915.0,1
1b,XIN3B,retest_lever_baseline,2050.0,1
1b,XIN3B,retest_lever_baseline,2130.0,1
1b,XIN3B,retest_lever_baseline,2240.0,1
1b,XIN3B,retest_lever_baseline,2400.0,1
1b,XIN3B,retest_lever_baseline,2500.0,1
1b,XIN3B,retest_lever_baseline,2725.0,1
1b,XIN3B,retest_lever_baseline,2810.0,1
1b,XIN3B,retest_lever_baseline,2925.0,1
1b,XIN3B,retest_lever_baseline,3055.0,1
1b,XIN3B,retest_lever_baseline,3200.0,1
1b,XIN3B,retest_lever_baseline,3355.0,1
1b,XIN3B,retest_lever_baseline,3510.0,1
1b,XIN3G,pretest_contextual,5.0,1
1b,XIN3G,pretest_contextual,140.0,1
1b,XIN3G,pretest_cue,5.0,1
1b,XIN3G,pretest_cue,60.0,1
1b,XIN3G,pretest_cue,80.0,1
1b,XIN3G,pretest_cue,125.0,1
1b,XIN3G,pretest_cue,210.0,1
1b,XIN3G,pretest_cue,330.0,1
1b,XIN3G,pretest_cue,395.0,1
1b,XIN3G,pretest_cue,445.0,1
1b,XIN3G,pretest_cue,545.0,1
1b,XIN3G,retest_contextual,20.0,1
1b,XIN3G,retest_contextual,170.0,1
1b,XIN3G,retest_cue,0.0,1
1b,XIN3G,retest_cue,175.0,1
1b,XIN3G,retest_cue,245.0,1
1b,XIN3G,retest_cue,450.0,1
1b,XIN3G,retest_lever_baseline,10.0,1
1b,XIN3G,retest_lever_baseline,120.0,1
1b,XIN3G,retest_lever_baseline,225.0,1
1b,XIN3G,retest_lever_baseline,340.0,1
1b,XIN3G,retest_lever_baseline,420.0,1
1b,XIN3G,retest_lever_baseline,590.0,1
1b,XIN3G,retest_lever_baseline,690.0,1
1b,XIN3G,retest_lever_baseline,770.0,1
1b,XIN3G,retest_lever_baseline,930.0,1
1b,XIN3G,retest_lever_baseline,1080.0,1
1b,XIN3G,retest_lever_baseline,1220.0,1
1b,XIN3G,retest_lever_baseline,1345.0,1
1b,XIN3G,retest_lever_baseline,1430.0,1
1b,XIN3G,retest_lever_baseline,1505.0,1
1b,XIN3G,retest_lever_baseline,1550.0,1
1b,XIN3G,retest_lever_baseline,1645.0,1
1b,XIN3G,retest_lever_baseline,1745.0,1
1b,XIN3G,retest_lever_baseline,1785.0,1
1b,XIN3G,retest_lever_baseline,1860.0,1
1b,XIN3G,retest_lever_baseline,1990.0,1
1b,XIN3G,retest_lever_baseline,2135.0,1
1b,XIN3G,retest_lever_baseline,2205.0,1
1b,XIN3G,retest_lever_baseline,2345.0,1
1b,XIN3G,retest_lever_baseline,2405.0,1
1b,XIN3G,retest_lever_baseline,2460.0,1
1b,XIN3G,retest_lever_baseline,2550.0,1
1b,XIN3G,retest_lever_baseline,2690.0,1
1b,XIN3G,retest_lever_baseline,2815.0,1
1b,XIN3G,retest_lever_baseline,2870.0,1
1b,XIN3G,retest_lever_baseline,2965.0,1
1b,XIN3G,retest_lever_baseline,3020.0,1
1b,XIN3G,retest_lever_baseline,3170.0,1
1b,XIN3G,retest_lever_baseline,3280.0,1
1b,XIN3G,retest_lever_baseline,3405.0,1
1b,XIN3G,retest_lever_baseline,3500.0,1
1b,XIN3R,pretest_contextual,5.0,1
1b,XIN3R,pretest_contextual,120.0,1
1b,XIN3R,pretest_contextual,170.0,1
1b,XIN3R,pretest_cue,5.0,1
1b,XIN3R,pretest_cue,175.0,1
1b,XIN3R,pretest_cue,275.0,1
1b,XIN3R,pretest_cue,445.0,1
1b,XIN3R,retest_contextual,0.0,1
1b,XIN3R,retest_cue,5.0,1
1b,XIN3R,retest_cue,230.0,1
1b,XIN3R,retest_cue,385.0,1
1b,XIN3R,retest_lever_baseline,10.0,1
1b,XIN3R,retest_lever_baseline,90.0,1
1b,XIN3R,retest_lever_baseline,115.0,1
1b,XIN3R,retest_lever_baseline,215.0,1
1b,XIN3R,retest_lever_baseline,280.0,1
1b,XIN3R,retest_lever_baseline,395.0,1
1b,XIN3R,retest_lever_baseline,500.0,1
1b,XIN3R,retest_lever_baseline,610.0,1
1b,XIN3R,retest_lever_baseline,675.0,1
1b,XIN3R,retest_lever_baseline,785.0,1
1b,XIN3R,retest_lever_baseline,895.0,1
1b,XIN3R,retest_lever_baseline,975.0,1
1b,XIN3R,retest_lever_baseline,1085.0,1
1b,XIN3R,retest_lever_baseline,1285.0,1
1b,XIN3R,retest_lever_baseline,1365.0,1
1b,XIN3R,retest_lever_baseline,1545.0,1
1b,XIN3R,retest_lever_baseline,1705.0,1
1b,XIN3R,retest_lever_baseline,1900.0,1
1b,XIN3R,retest_lever_baseline,2180.0,1
1b,XIN3R,retest_lever_baseline,2270.0,1
1b,XIN3R,retest_lever_baseline,2305.0,1
1b,XIN3R,retest_lever_baseline,2445.0,1
1b,XIN3R,retest_lever_baseline,2690.0,1
1b,XIN3R,retest_lever_baseline,2825.0,1
1b,XIN3R,retest_lever_baseline,2905.0,1
1b,XIN3R,retest_lever_baseline,3015.0,1
1b,XIN3R,retest_lever_baseline,3500.0,1
1b,XIN3R,retest_lever_baseline,3550.0,1
1b,XIN4B,pretest_contextual,5.0,1
1b,XIN4B,pretest_contextual,125.0,1
1b,XIN4B,pretest_contextual,150.0,1
1b,XIN4B,pretest_contextual,165.0,1
1b,XIN4B,pretest_cue,5.0,1
1b,XIN4B,pretest_cue,150.0,1
1b,XIN4B,pretest_cue,175.0,1
1b,XIN4B,pretest_cue,225.0,1
1b,XIN4B,pretest_cue,305.0,1
1b,XIN4B,pretest_cue,465.0,1
1b,XIN4B,pretest_cue,530.0,1
1b,XIN4B,retest_contextual,10.0,1
1b,XIN4B,retest_contextual,130.0,1
1b,XIN4B,retest_contextual,195.0,1
1b,XIN4B,retest_cue,0.0,2
1b,XIN4B,retest_cue,115.0,1
1b,XIN4B,retest_cue,160.0,1
1b,XIN4B,retest_cue,180.0,1
1b,XIN4B,retest_cue,350.0,1
1b,XIN4B,retest_lever_baseline,10.0,1
1b,XIN4B,retest_lever_baseline,55.0,1
1b,XIN4B,retest_lever_baseline,155.0,1
1b,XIN4B,retest_lever_baseline,255.0,1
1b,XIN4B,retest_lever_baseline,350.0,1
1b,XIN4B,retest_lever_baseline,505.0,1
1b,XIN4B,retest_lever_baseline,635.0,1
1b,XIN4B,retest_lever_baseline,665.0,1
1b,XIN4B,retest_lever_baseline,740.0,1
1b,XIN4B,retest_lever_baseline,885.0,1
1b,XIN4B,retest_lever_baseline,940.0,1
1b,XIN4B,retest_lever_baseline,1005.0,1
1b,XIN4B,retest_lever_baseline,1170.0,1
1b,XIN4B,retest_lever_baseline,1225.0,1
1b,XIN4B,retest_lever_baseline,1350.0,1
1b,XIN4B,retest_lever_baseline,1515.0,1
1b,XIN4B,retest_lever_baseline,1565.0,1
1b,XIN4B,retest_lever_baseline,1695.0,1
1b,XIN4B,retest_lever_baseline,1790.0,1
1b,XIN4B,retest_lever_baseline,1930.0,1
1b,XIN4B,retest_lever_baseline,2065.0,1
1b,XIN4B,retest_lever_baseline,2215.0,1
1b,XIN4B,retest_lever_baseline,2275.0,1
1b,XIN4B,retest_lever_baseline,2320.0,1
1b,XIN4B,retest_lever_baseline,2475.0,1
1b,XIN4B,retest_lever_baseline,2600.0,1
1b,XIN4B,retest_lever_baseline,2735.0,1
1b,XIN4B,retest_lever_baseline,2865.0,1
1b,XIN4B,retest_lever_baseline,3025.0,1
1b,XIN4B,retest_lever_baseline,3120.0,1
1b,XIN4B,retest_lever_baseline,3180.0,1
1b,XIN4B,retest_lever_baseline,3315.0,1
1b,XIN4B,retest_lever_baseline,3415.0,1
1b,XIN4B,retest_lever_baseline,3555.0,1
1b,XIN4G,pretest_contextual,5.0,1
1b,XIN4G,pretest_contextual,125.0,1
1b,XIN4G,pretest_cue,5.0,1
1b,XIN4G,pretest_cue,180.0,1
1b,XIN4G,pretest_cue,465.0,1
1b,XIN4G,retest_contextual,10.0,1
1b,XIN4G,retest_cue,0.0,2
1b,XIN4G,retest_cue,180.0,1
1b,XIN4G,retest_cue,230.0,1
1b,XIN4G,retest_cue,315.0,1
1b,XIN4G,retest_cue,430.0,1
1b,XIN4G,retest_cue,515.0,1
1b,XIN4G,retest_lever_baseline,10.0,1
1b,XIN4G,retest_lever_baseline,110.0,1
1b,XIN4G,retest_lever_baseline,190.0,1
1b,XIN4G,retest_lever_baseline,310.0,1
1b,XIN4G,retest_lever_baseline,470.0,1
1b,XIN4G,retest_lever_baseline,495.0,1
1b,XIN4G,retest_lever_baseline,595.0,1
1b,XIN4G,retest_lever_baseline,640.0,1
1b,XIN4G,retest_lever_baseline,670.0,1
1b,XIN4G,retest_lever_baseline,785.0,1
1b,XIN4G,retest_lever_baseline,1005.0,1
1b,XIN4G,retest_lever_baseline,1130.0,1
1b,XIN4G,retest_lever_baseline,1260.0,1
1b,XIN4G,retest_lever_baseline,1280.0,1
1b,XIN4G,retest_lever_baseline,1395.0,1
1b,XIN4G,retest_lever_baseline,1625.0,1
1b,XIN4G,retest_lever_baseline,2025.0,1
1b,XIN4G,retest_lever_baseline,2135.0,1
1b,XIN4G,retest_lever_baseline,2315.0,1
1b,XIN4G,retest_lever_baseline,2365.0,1
1b,XIN4G,retest_lever_baseline,2505.0,1
1b,XIN4G,retest_lever_baseline,2685.0,1
1b,XIN4G,retest_lever_baseline,2800.0,1
1b,XIN4G,retest_lever_baseline,3015.0,1
1b,XIN4G,retest_lever_baseline,3170.0,1
1b,XIN4G,retest_lever_baseline,3355.0,1
1b,XIN4R,pretest_contextual,5.0,1
1b,XIN4R,pretest_cue,5.0,1
1b,XIN4R,pretest_cue,295.0,1
1b,XIN4R,pretest_cue,335.0,1
1b,XIN4R,retest_contextual,0.0,1
1b,XIN4R,retest_cue,5.0,1
1b,XIN4R,retest_cue,25.0,1
1b,XIN4R,retest_lever_baseline,10.0,1
1b,XIN4R,retest_lever_baseline,90.0,1
1b,XIN4R,retest_lever_baseline,170.0,1
1b,XIN4R,retest_lever_baseline,270.0,1
1b,XIN4R,retest_lever_baseline,405.0,1
1b,XIN4R,retest_lever_baseline,540.0,1
1b,XIN4R,retest_lever_baseline,625.0,1
1b,XIN4R,retest_lever_baseline,860.0,1
1b,XIN4R,retest_lever_baseline,970.0,1
1b,XIN4R,retest_lever_baseline,1035.0,1
1b,XIN4R,retest_lever_baseline,1200.0,1
1b,XIN4R,retest_lever_baseline,1355.0,1
1b,XIN4R,retest_lever_baseline,2320.0,1
1b,XIN4R,retest_lever_baseline,3000.0,1
2,EXT1B,LTM2,0.0,1
2,EXT1B,LTM2,180.0,1
2,EXT1B,LTM2,420.0,1
2,EXT1B,LTM2,570.0,1
2,EXT1B,LTM2,710.0,1
2,EXT1B,extinction1,0.0,1
2,EXT1B,extinction1,205.0,1
2,EXT1B,extinction1,905.0,1
2,EXT1B,extinction1,965.0,1
2,EXT1B,extinction1,1015.0,1
2,EXT1B,extinction1,1020.0,1
2,EXT1B,extinction1,1120.0,1
2,EXT1B,extinction1,1245.0,1
2,EXT1B,extinction1,1470.0,1
2,EXT1B,extinction1,1625.0,1
2,EXT1B,extinction2,0.0,1
2,EXT1B,extinction2,205.0,1
2,EXT1B,extinction2,905.0,1
2,EXT1B,extinction2,965.0,1
2,EXT1B,extinction2,1015.0,1
2,EXT1B,extinction2,1020.0,1
2,EXT1B,extinction2,1120.0,1
2,EXT1B,extinction2,1245.0,1
2,EXT1B,extinction2,1470.0,1
2,EXT1B,extinction2,1625.0,1
2,EXT1B,extinction3,0.0,1
2,EXT1B,extinction3,175.0,1
2,EXT1B,extinction3,230.0,1
2,EXT1B,extinction3,330.0,1
2,EXT1B,extinction3,430.0,1
2,EXT1B,extinction3,520.0,1
2,EXT1B,extinction3,625.0,1
2,EXT1B,extinction3,665.0,1
2,EXT1B,extinction3,730.0,1
2,EXT1B,extinction3,900.0,1
2,EXT1B,extinction3,1055.0,1
2,EXT1B,extinction3,1085.0,1
2,EXT1B,extinction3,1190.0,1
2,EXT1B,extinction3,1355.0,1
2,EXT1B,extinction3,1395.0,1
2,EXT1B,extinction3,1885.0,1
2,EXT1B,extinction4,0.0,1
2,EXT1B,extinction4,80.0,1
2,EXT1B,extinction4,350.0,1
2,EXT1B,extinction4,415.0,1
2,EXT1B,extinction4,540.0,1
2,EXT1B,extinction4,650.0,1
2,EXT1B,extinction4,775.0,1
2,EXT1B,extinction4,800.0,1
2,EXT1B,extinction4,910.0,1
2,EXT1B,extinction4,990.0,1
2,EXT1B,extinction4,1070.0,1
2,EXT1B,extinction4,1165.0,1
2,EXT1B,extinction4,1285.0,1
2,EXT1B,extinction4,1395.0,1
2,EXT1B,extinction4,1545.0,1
2,EXT1B,extinction4,1730.0,1
2,EXT1B,extinction4,1925.0,1
2,EXT1B,lever_training,0.0,2
2,EXT1B,lever_training,50.0,1
2,EXT1B,lever_training,100.0,1
2,EXT1B,lever_training,110.0,1
2,EXT1B,lever_training,185.0,2
2,EXT1B,lever_training,235.0,1
2,EXT1B,lever_training,245.0,1
2,EXT1B,lever_training,295.0,1
2,EXT1B,lever_training,325.0,1
2,EXT1B,lever_training,405.0,1
2,EXT1B,lever_training,455.0,1
2,EXT1B,lever_training,465.0,1
2,EXT1B,lever_training,500.0,1
2,EXT1B,lever_training,510.0,1
2,EXT1B,lever_training,520.0,1
2,EXT1B,lever_training,555.0,1
2,EXT1B,lever_training,615.0,1
2,EXT1B,lever_training,675.0,1
2,EXT1B,lever_training,745.0,1
2,EXT1B,lever_training,810.0,1
2,EXT1B,lever_training,910.0,1
2,EXT1B,lever_training,985.0,1
2,EXT1B,lever_training,1050.0,1
2,EXT1B,lever_training,1115.0,1
2,EXT1B,lever_training,1155.0,1
2,EXT1B,lever_training,1285.0,1
2,EXT1B,lever_training,1460.0,1
2,EXT1B,lever_training,1960.0,1
2,EXT1B,lever_training,2050.0,1
2,EXT1B,lever_training,2145.0,1
2,EXT1B,lever_training,2210.0,1
2,EXT1B,lever_training,2255.0,1
2,EXT1B,lever_training,2390.0,1
2,EXT1B,renewal,0.0,1
2,EXT1B,renewal,100.0,1
2,EXT1B,renewal,185.0,1
2,EXT1B,retrieval,0.0,1
2,EXT1G,LTM2,0.0,1
2,EXT1G,extinction1,0.0,1
2,EXT1G,extinction2,0.0,1
2,EXT1G,extinction3,0.0,1
2,EXT1G,extinction4,0.0,1
2,EXT1G,extinction4,1635.0,1
2,EXT1G,lever_training,0.0,2
2,EXT1G,lever_training,60.0,1
2,EXT1G,lever_training,120.0,1
2,EXT1G,lever_training,135.0,1
2,EXT1G,lever_training,240.0,1
2,EXT1G,lever_training,245.0,1
2,EXT1G,lever_training,250.0,1
2,EXT1G,lever_training,300.0,1
2,EXT1G,lever_training,375.0,1
2,EXT1G,lever_training,425.0,1
2,EXT1G,lever_training,500.0,1
2,EXT1G,lever_training,540.0,1
2,EXT1G,lever_training,615.0,1
2,EXT1G,lever_training,680.0,1
2,EXT1G,lever_training,695.0,1
2,EXT1G,lever_training,760.0,1
2,EXT1G,lever_training,910.0,1
2,EXT1G,lever_training,1110.0,1
2,EXT1G,lever_training,1235.0,1
2,EXT1G,lever_training,1370.0,1
2,EXT1G,lever_training,1395.0,2
2,EXT1G,lever_training,1485.0,1
2,EXT1G,lever_training,1535.0,1
2,EXT1G,lever_training,1680.0,1
2,EXT1G,lever_training,1715.0,1
2,EXT1G,lever_training,1795.0,1
2,EXT1G,lever_training,1850.0,1
2,EXT1G,lever_training,1955.0,1
2,EXT1G,lever_training,2020.0,1
2,EXT1G,lever_training,2040.0,1
2,EXT1G,lever_training,2060.0,1
2,EXT1G,lever_training,2185.0,1
2,EXT1G,lever_training,2340.0,1
2,EXT1G,renewal,0.0,1
2,EXT1G,renewal,145.0,1
2,EXT1G,renewal,220.0,1
2,EXT1G,retrieval,0.0,1
2,EXT1R,LTM2,0.0,1
2,EXT1R,LTM2,85.0,1
2,EXT1R,LTM2,190.0,1
2,EXT1R,extinction1,0.0,1
2,EXT1R,extinction1,115.0,1
2,EXT1R,extinction1,225.0,1
2,EXT1R,extinction2,0.0,1
2,EXT1R,extinction2,115.0,1
2,EXT1R,extinction2,225.0,1
2,EXT1R,extinction3,0.0,1
2,EXT1R,extinction3,430.0,1
2,EXT1R,extinction4,0.0,1
2,EXT1R,extinction4,205.0,1
2,EXT1R,lever_training,0.0,2
2,EXT1R,lever_training,110.0,1
2,EXT1R,lever_training,115.0,1
2,EXT1R,lever_training,140.0,1
2,EXT1R,lever_training,205.0,1
2,EXT1R,lever_training,245.0,1
2,EXT1R,lever_training,265.0,1
2,EXT1R,lever_training,295.0,1
2,EXT1R,lever_training,305.0,1
2,EXT1R,lever_training,365.0,1
2,EXT1R,lever_training,370.0,1
2,EXT1R,lever_training,410.0,1
2,EXT1R,lever_training,450.0,1
2,EXT1R,lever_training,495.0,1
2,EXT1R,lever_training,500.0,1
2,EXT1R,lever_training,545.0,1
2,EXT1R,lever_training,605.0,1
2,EXT1R,lever_training,705.0,2
2,EXT1R,lever_training,775.0,1
2,EXT1R,lever_training,885.0,1
2,EXT1R,lever_training,945.0,1
2,EXT1R,lever_training,1010.0,1
2,EXT1R,lever_training,1115.0,1
2,EXT1R,lever_training,1150.0,1
2,EXT1R,lever_training,1220.0,1
2,EXT1R,lever_training,1345.0,1
2,EXT1R,lever_training,1480.0,1
2,EXT1R,lever_training,1500.0,1
2,EXT1R,lever_training,1580.0,1
2,EXT1R,lever_training,1590.0,1
2,EXT1R,lever_training,1645.0,1
2,EXT1R,lever_training,1680.0,1
2,EXT1R,lever_training,1730.0,1
2,EXT1R,lever_training,1760.0,1
2,EXT1R,lever_training,1815.0,1
2,EXT1R,lever_training,1865.0,1
2,EXT1R,lever_training,1870.0,1
2,EXT1R,lever_training,1890.0,1
2,EXT1R,lever_training,1975.0,1
2,EXT1R,lever_training,2020.0,1
2,EXT1R,lever_training,2080.0,1
2,EXT1R,lever_training,2090.0,2
2,EXT1R,lever_training,2135.0,1
2,EXT1R,lever_training,2240.0,1
2,EXT1R,lever_training,2295.0,1
2,EXT1R,lever_training,2320.0,1
2,EXT1R,lever_training,2380.0,1
2,EXT1R,renewal,0.0,1
2,EXT1R,renewal,65.0,1
2,EXT1R,renewal,165.0,1
2,EXT1R,retrieval,0.0,1
2,EXT2B,LTM2,0.0,1
2,EXT2B,extinction1,0.0,1
2,EXT2B,extinction2,0.0,1
2,EXT2B,extinction3,0.0,1
2,EXT2B,extinction4,0.0,1
2,EXT2B,lever_training,0.0,2
2,EXT2B,lever_training,5.0,1
2,EXT2B,lever_training,25.0,1
2,EXT2B,lever_training,55.0,1
2,EXT2B,lever_training,140.0,1
2,EXT2B,lever_training,195.0,1
2,EXT2B,lever_training,200.0,1
2,EXT2B,lever_training,245.0,1
2,EXT2B,lever_training,300.0,1
2,EXT2B,lever_training,350.0,1
2,EXT2B,lever_training,365.0,1
2,EXT2B,lever_training,465.0,1
2,EXT2B,lever_training,475.0,1
2,EXT2B,lever_training,510.0,1
2,EXT2B,lever_training,565.0,1
2,EXT2B,lever_training,625.0,1
2,EXT2B,lever_training,645.0,1
2,EXT2B,lever_training,730.0,1
2,EXT2B,lever_training,815.0,1
2,EXT2B,lever_training,820.0,1
2,EXT2B,lever_training,920.0,1
2,EXT2B,lever_training,935.0,1
2,EXT2B,lever_training,1020.0,1
2,EXT2B,lever_training,1040.0,2
2,EXT2B,lever_training,1100.0,1
2,EXT2B,lever_training,1145.0,1
2,EXT2B,lever_training,1185.0,1
2,EXT2B,lever_training,1255.0,1
2,EXT2B,lever_training,1295.0,1
2,EXT2B,lever_training,1375.0,1
2,EXT2B,lever_training,1405.0,1
2,EXT2B,lever_training,1495.0,1
2,EXT2B,lever_training,1570.0,1
2,EXT2B,lever_training,1590.0,1
2,EXT2B,lever_training,1675.0,1
2,EXT2B,lever_training,1755.0,1
2,EXT2B,lever_training,1790.0,1
2,EXT2B,lever_training,1875.0,1
2,EXT2B,lever_training,1925.0,1
2,EXT2B,lever_training,2025.0,1
2,EXT2B,lever_training,2060.0,1
2,EXT2B,lever_training,2140.0,1
2,EXT2B,lever_training,2205.0,1
2,EXT2B,lever_training,2270.0,1
2,EXT2B,lever_training,2280.0,1
2,EXT2B,lever_training,2380.0,1
2,EXT2B,lever_training,2390.0,1
2,EXT2B,renewal,0.0,1
2,EXT2B,retrieval,0.0,1
2,EXT2G,LTM2,0.0,1
2,EXT2G,LTM2,170.0,1
2,EXT2G,LTM2,285.0,1
2,EXT2G,LTM2,395.0,1
2,EXT2G,LTM2,450.0,1
2,EXT2G,LTM2,480.0,1
2,EXT2G,LTM2,620.0,1
2,EXT2G,LTM2,730.0,1
2,EXT2G,extinction1,0.0,1
2,EXT2G,extinction1,1635.0,1
2,EXT2G,extinction1,1720.0,1
2,EXT2G,extinction1,1835.0,1
2,EXT2G,extinction1,1990.0,1
2,EXT2G,extinction1,2500.0,1
2,EXT2G,extinction1,2530.0,1
2,EXT2G,extinction1,2715.0,1
2,EXT2G,extinction1,2785.0,1
2,EXT2G,extinction1,2890.0,1
2,EXT2G,extinction1,2990.0,1
2,EXT2G,extinction1,3105.0,1
2,EXT2G,extinction1,3225.0,1
2,EXT2G,extinction1,3340.0,1
2,EXT2G,extinction3,0.0,1
2,EXT2G,extinction3,190.0,1
2,EXT2G,extinction3,350.0,1
2,EXT2G,extinction3,610.0,1
2,EXT2G,extinction3,715.0,1
2,EXT2G,extinction3,835.0,1
2,EXT2G,extinction3,855.0,1
2,EXT2G,extinction3,975.0,1
2,EXT2G,extinction3,1080.0,1
2,EXT2G,extinction3,1110.0,1
2,EXT2G,extinction3,1200.0,1
2,EXT2G,extinction3,1320.0,1
2,EXT2G,extinction3,1355.0,1
2,EXT2G,extinction3,1395.0,1
2,EXT2G,extinction3,1500.0,1
2,EXT2G,extinction3,1685.0,1
2,EXT2G,extinction3,1740.0,1
2,EXT2G,extinction3,1760.0,1
2,EXT2G,extinction3,1855.0,1
2,EXT2G,extinction3,1975.0,1
2,EXT2G,extinction4,0.0,1
2,EXT2G,extinction4,100.0,1
2,EXT2G,extinction4,215.0,1
2,EXT2G,extinction4,330.0,1
2,EXT2G,extinction4,355.0,1
2,EXT2G,extinction4,455.0,1
2,EXT2G,extinction4,565.0,1
2,EXT2G,extinction4,685.0,1
2,EXT2G,extinction4,700.0,1
2,EXT2G,extinction4,715.0,1
2,EXT2G,extinction4,825.0,1
2,EXT2G,extinction4,835.0,1
2,EXT2G,extinction4,905.0,1
2,EXT2G,extinction4,950.0,2
2,EXT2G,extinction4,965.0,1
2,EXT2G,extinction4,1070.0,1
2,EXT2G,extinction4,1165.0,1
2,EXT2G,extinction4,1175.0,1
2,EXT2G,extinction4,1240.0,1
2,EXT2G,extinction4,1345.0,1
2,EXT2G,extinction4,1410.0,1
2,EXT2G,extinction4,1460.0,1
2,EXT2G,extinction4,1535.0,1
2,EXT2G,extinction4,1550.0,1
2,EXT2G,extinction4,1635.0,1
2,EXT2G,extinction4,1710.0,1
2,EXT2G,extinction4,1810.0,1
2,EXT2G,extinction4,1915.0,1
2,EXT2G,extinction4,1940.0,1
2,EXT2G,lever_training,0.0,2
2,EXT2G,lever_training,5.0,1
2,EXT2G,lever_training,85.0,1
2,EXT2G,lever_training,185.0,1
2,EXT2G,lever_training,200.0,1
2,EXT2G,lever_training,220.0,1
2,EXT2G,lever_training,250.0,1
2,EXT2G,lever_training,295.0,1
2,EXT2G,lever_training,305.0,1
2,EXT2G,lever_training,350.0,1
2,EXT2G,lever_training,430.0,1
2,EXT2G,lever_training,455.0,1
2,EXT2G,lever_training,525.0,1
2,EXT2G,lever_training,535.0,1
2,EXT2G,lever_training,640.0,1
2,EXT2G,lever_training,655.0,1
2,EXT2G,lever_training,680.0,1
2,EXT2G,lever_training,690.0,1
2,EXT2G,lever_training,775.0,1
2,EXT2G,lever_training,885.0,1
2,EXT2G,lever_training,985.0,1
2,EXT2G,lever_training,1090.0,1
2,EXT2G,lever_training,1185.0,1
2,EXT2G,lever_training,1200.0,1
2,EXT2G,lever_training,1295.0,1
2,EXT2G,lever_training,1305.0,1
2,EXT2G,lever_training,1315.0,1
2,EXT2G,lever_training,1395.0,1
2,EXT2G,lever_training,1420.0,1
2,EXT2G,lever_training,1475.0,1
2,EXT2G,lever_training,1525.0,2
2,EXT2G,lever_training,1545.0,1
2,EXT2G,lever_training,1585.0,1
2,EXT2G,lever_training,1650.0,1
2,EXT2G,lever_training,1685.0,1
2,EXT2G,lever_training,1710.0,1
2,EXT2G,lever_training,1770.0,1
2,EXT2G,lever_training,1780.0,1
2,EXT2G,lever_training,1865.0,1
2,EXT2G,lever_training,1875.0,1
2,EXT2G,lever_training,1975.0,2
2,EXT2G,lever_training,2075.0,1
2,EXT2G,lever_training,2085.0,1
2,EXT2G,lever_training,2115.0,1
2,EXT2G,lever_training,2200.0,1
2,EXT2G,lever_training,2220.0,1
2,EXT2G,lever_training,2230.0,1
2,EXT2G,lever_training,2330.0,1
2,EXT2G,lever_training,2335.0,1
2,EXT2G,lever_training,2350.0,1
2,EXT2G,lever_training,2370.0,1
2,EXT2G,lever_training,2395.0,1
2,EXT2G,renewal,0.0,1
2,EXT2G,renewal,75.0,1
2,EXT2G,renewal,185.0,1
2,EXT2G,renewal,240.0,1
2,EXT2G,retrieval,0.0,1
2,EXT2R,LTM2,0.0,1
2,EXT2R,LTM2,75.0,1
2,EXT2R,LTM2,90.0,1
2,EXT2R,LTM2,100.0,1
2,EXT2R,LTM2,200.0,1
2,EXT2R,LTM2,215.0,1
2,EXT2R,LTM2,305.0,1
2,EXT2R,LTM2,395.0,1
2,EXT2R,LTM2,495.0,1
2,EXT2R,LTM2,640.0,1
2,EXT2R,LTM2,665.0,1
2,EXT2R,extinction1,0.0,1
2,EXT2R,extinction1,90.0,1
2,EXT2R,extinction1,1475.0,1
2,EXT2R,extinction1,3145.0,1
2,EXT2R,extinction3,0.0,1
2,EXT2R,extinction3,10.0,1
2,EXT2R,extinction3,25.0,1
2,EXT2R,extinction3,125.0,1
2,EXT2R,extinction3,155.0,1
2,EXT2R,extinction3,590.0,1
2,EXT2R,extinction3,705.0,1
2,EXT2R,extinction3,715.0,1
2,EXT2R,extinction3,825.0,1
2,EXT2R,extinction3,920.0,1
2,EXT2R,extinction3,1065.0,1
2,EXT2R,extinction3,1150.0,1
2,EXT2R,extinction3,1255.0,1
2,EXT2R,extinction3,1360.0,1
2,EXT2R,extinction3,1420.0,1
2,EXT2R,extinction3,1520.0,1
2,EXT2R,extinction3,1620.0,1
2,EXT2R,extinction3,1700.0,1
2,EXT2R,extinction3,1720.0,1
2,EXT2R,extinction3,1745.0,1
2,EXT2R,extinction3,1850.0,1
2,EXT2R,extinction3,1990.0,1
2,EXT2R,extinction4,0.0,1
2,EXT2R,extinction4,40.0,1
2,EXT2R,extinction4,45.0,1
2,EXT2R,extinction4,55.0,1
2,EXT2R,extinction4,175.0,1
2,EXT2R,extinction4,345.0,1
2,EXT2R,extinction4,360.0,1
2,EXT2R,extinction4,485.0,1
2,EXT2R,extinction4,580.0,1
2,EXT2R,extinction4,680.0,1
2,EXT2R,extinction4,720.0,1
2,EXT2R,extinction4,920.0,1
2,EXT2R,extinction4,955.0,1
2,EXT2R,extinction4,1065.0,1
2,EXT2R,extinction4,1235.0,1
2,EXT2R,extinction4,1340.0,1
2,EXT2R,extinction4,1415.0,1
2,EXT2R,extinction4,1635.0,1
2,EXT2R,extinction4,1705.0,1
2,EXT2R,extinction4,1845.0,1
2,EXT2R,extinction4,1860.0,1
2,EXT2R,extinction4,1965.0,1
2,EXT2R,lever_training,0.0,2
2,EXT2R,lever_training,5.0,1
2,EXT2R,lever_training,100.0,1
2,EXT2R,lever_training,105.0,1
2,EXT2R,lever_training,200.0,1
2,EXT2R,lever_training,205.0,1
2,EXT2R,lever_training,210.0,1
2,EXT2R,lever_training,305.0,1
2,EXT2R,lever_training,310.0,1
2,EXT2R,lever_training,315.0,1
2,EXT2R,lever_training,360.0,1
2,EXT2R,lever_training,450.0,1
2,EXT2R,lever_training,465.0,1
2,EXT2R,lever_training,545.0,1
2,EXT2R,lever_training,555.0,1
2,EXT2R,lever_training,570.0,1
2,EXT2R,lever_training,615.0,1
2,EXT2R,lever_training,620.0,1
2,EXT2R,lever_training,655.0,1
2,EXT2R,lever_training,675.0,1
2,EXT2R,lever_training,750.0,1
2,EXT2R,lever_training,765.0,1
2,EXT2R,lever_training,775.0,1
2,EXT2R,lever_training,820.0,1
2,EXT2R,lever_training,860.0,1
2,EXT2R,lever_training,875.0,1
2,EXT2R,lever_training,925.0,1
2,EXT2R,lever_training,975.0,2
2,EXT2R,lever_training,1000.0,1
2,EXT2R,lever_training,1075.0,1
2,EXT2R,lever_training,1080.0,1
2,EXT2R,lever_training,1100.0,1
2,EXT2R,lever_training,1115.0,1
2,EXT2R,lever_training,1160.0,1
2,EXT2R,lever_training,1165.0,1
2,EXT2R,lever_training,1220.0,1
2,EXT2R,lever_training,1230.0,1
2,EXT2R,lever_training,1245.0,1
2,EXT2R,lever_training,1260.0,1
2,EXT2R,lever_training,1355.0,1
2,EXT2R,lever_training,1395.0,1
2,EXT2R,lever_training,1485.0,1
2,EXT2R,lever_training,1495.0,1
2,EXT2R,lever_training,1505.0,1
2,EXT2R,lever_training,1515.0,1
2,EXT2R,lever_training,1635.0,1
2,EXT2R,lever_training,1645.0,1
2,EXT2R,lever_training,1680.0,1
2,EXT2R,lever_training,1735.0,1
2,EXT2R,lever_training,1840.0,1
2,EXT2R,lever_training,1845.0,1
2,EXT2R,lever_training,1855.0,1
2,EXT2R,lever_training,1895.0,1
2,EXT2R,lever_training,1910.0,1
2,EXT2R,lever_training,1980.0,2
2,EXT2R,lever_training,1990.0,1
2,EXT2R,lever_training,2000.0,1
2,EXT2R,lever_training,2080.0,1
2,EXT2R,lever_training,2085.0,1
2,EXT2R,lever_training,2110.0,1
2,EXT2R,lever_training,2170.0,1
2,EXT2R,lever_training,2210.0,1
2,EXT2R,lever_training,2265.0,1
2,EXT2R,lever_training,2270.0,1
2,EXT2R,lever_training,2290.0,1
2,EXT2R,lever_training,2340.0,1
2,EXT2R,lever_training,2380.0,2
2,EXT2R,renewal,0.0,1
2,EXT2R,renewal,85.0,1
2,EXT2R,renewal,190.0,1
2,EXT2R,retrieval,0.0,1
2,EXT2R,retrieval,195.0,1
2,EXT3B,LTM2,0.0,1
2,EXT3B,LTM2,75.0,1
2,EXT3B,LTM2,125.0,1
2,EXT3B,LTM2,255.0,1
2,EXT3B,LTM2,415.0,1
2,EXT3B,LTM2,530.0,1
2,EXT3B,extinction1,0.0,1
2,EXT3B,extinction1,160.0,1
2,EXT3B,extinction1,265.0,1
2,EXT3B,extinction1,335.0,1
2,EXT3B,extinction1,440.0,1
2,EXT3B,extinction1,575.0,1
2,EXT3B,extinction1,675.0,1
2,EXT3B,extinction1,795.0,1
2,EXT3B,extinction1,875.0,1
2,EXT3B,extinction1,970.0,1
2,EXT3B,extinction1,1125.0,1
2,EXT3B,extinction1,1265.0,1
2,EXT3B,extinction1,1815.0,1
2,EXT3B,extinction1,2915.0,1
2,EXT3B,extinction2,0.0,1
2,EXT3B,extinction2,180.0,1
2,EXT3B,extinction2,590.0,1
2,EXT3B,extinction2,745.0,1
2,EXT3B,extinction2,850.0,1
2,EXT3B,extinction2,955.0,1
2,EXT3B,extinction2,1110.0,1
2,EXT3B,extinction2,1465.0,1
2,EXT3B,extinction2,1815.0,1
2,EXT3B,extinction2,1925.0,1
2,EXT3B,extinction3,0.0,1
2,EXT3B,extinction3,60.0,1
2,EXT3B,extinction3,160.0,1
2,EXT3B,extinction3,265.0,1
2,EXT3B,extinction3,375.0,1
2,EXT3B,extinction3,490.0,1
2,EXT3B,extinction3,595.0,1
2,EXT3B,extinction3,710.0,1
2,EXT3B,extinction3,845.0,1
2,EXT3B,extinction3,1080.0,1
2,EXT3B,extinction3,1580.0,1
2,EXT3B,extinction3,1730.0,1
2,EXT3B,extinction3,1805.0,1
2,EXT3B,extinction3,1940.0,1
2,EXT3B,extinction4,0.0,1
2,EXT3B,extinction4,25.0,1
2,EXT3B,extinction4,120.0,1
2,EXT3B,extinction4,130.0,1
2,EXT3B,extinction4,180.0,2
2,EXT3B,extinction4,280.0,1
2,EXT3B,extinction4,390.0,1
2,EXT3B,extinction4,475.0,1
2,EXT3B,extinction4,485.0,1
2,EXT3B,extinction4,590.0,1
2,EXT3B,extinction4,695.0,1
2,EXT3B,extinction4,720.0,1
2,EXT3B,extinction4,830.0,1
2,EXT3B,extinction4,985.0,1
2,EXT3B,extinction4,1125.0,1
2,EXT3B,extinction4,1225.0,1
2,EXT3B,extinction4,1310.0,1
2,EXT3B,extinction4,1440.0,1
2,EXT3B,extinction4,1645.0,1
2,EXT3B,extinction4,1775.0,1
2,EXT3B,extinction4,1860.0,1
2,EXT3B,lever_training,0.0,2
2,EXT3B,lever_training,80.0,1
2,EXT3B,lever_training,125.0,1
2,EXT3B,lever_training,130.0,1
2,EXT3B,lever_training,210.0,1
2,EXT3B,lever_training,235.0,1
2,EXT3B,lever_training,245.0,2
2,EXT3B,lever_training,305.0,1
2,EXT3B,lever_training,365.0,1
2,EXT3B,lever_training,380.0,1
2,EXT3B,lever_training,415.0,1
2,EXT3B,lever_training,470.0,1
2,EXT3B,lever_training,550.0,1
2,EXT3B,lever_training,570.0,1
2,EXT3B,lever_training,620.0,1
2,EXT3B,lever_training,625.0,1
2,EXT3B,lever_training,680.0,1
2,EXT3B,lever_training,695.0,1
2,EXT3B,lever_training,785.0,1
2,EXT3B,lever_training,795.0,1
2,EXT3B,lever_training,890.0,1
2,EXT3B,lever_training,900.0,1
2,EXT3B,lever_training,995.0,1
2,EXT3B,lever_training,1020.0,1
2,EXT3B,lever_training,1080.0,1
2,EXT3B,lever_training,1145.0,1
2,EXT3B,lever_training,1275.0,1
2,EXT3B,lever_training,1340.0,1
2,EXT3B,lever_training,1385.0,1
2,EXT3B,lever_training,1425.0,1
2,EXT3B,lever_training,1475.0,1
2,EXT3B,lever_training,1495.0,1
2,EXT3B,lever_training,1550.0,1
2,EXT3B,lever_training,1575.0,1
2,EXT3B,lever_training,1680.0,1
2,EXT3B,lever_training,1690.0,1
2,EXT3B,lever_training,1880.0,1
2,EXT3B,lever_training,2065.0,1
2,EXT3B,lever_training,2165.0,1
2,EXT3B,lever_training,2250.0,1
2,EXT3B,renewal,0.0,1
2,EXT3B,renewal,180.0,1
2,EXT3B,renewal,645.0,1
2,EXT3B,renewal,725.0,1
2,EXT3B,retrieval,0.0,1
2,EXT3B,retrieval,200.0,1
2,EXT3G,LTM2,0.0,1
2,EXT3G,LTM2,85.0,1
2,EXT3G,LTM2,205.0,1
2,EXT3G,LTM2,290.0,1
2,EXT3G,LTM2,380.0,1
2,EXT3G,LTM2,420.0,1
2,EXT3G,LTM2,515.0,1
2,EXT3G,LTM2,645.0,1
2,EXT3G,extinction1,0.0,1
2,EXT3G,extinction1,195.0,1
2,EXT3G,extinction2,0.0,2
2,EXT3G,extinction2,150.0,1
2,EXT3G,extinction2,250.0,1
2,EXT3G,extinction2,275.0,1
2,EXT3G,extinction2,405.0,1
2,EXT3G,extinction2,540.0,1
2,EXT3G,extinction2,635.0,1
2,EXT3G,extinction2,720.0,1
2,EXT3G,extinction2,755.0,1
2,EXT3G,extinction2,800.0,1
2,EXT3G,extinction2,865.0,1
2,EXT3G,extinction2,875.0,1
2,EXT3G,extinction2,965.0,1
2,EXT3G,extinction2,985.0,1
2,EXT3G,extinction2,990.0,1
2,EXT3G,extinction2,995.0,1
2,EXT3G,extinction2,1010.0,1
2,EXT3G,extinction2,1100.0,1
2,EXT3G,extinction2,1120.0,1
2,EXT3G,extinction2,1205.0,1
2,EXT3G,extinction2,1210.0,1
2,EXT3G,extinction2,1300.0,1
2,EXT3G,extinction2,1410.0,1
2,EXT3G,extinction2,1465.0,1
2,EXT3G,extinction2,1515.0,1
2,EXT3G,extinction2,1575.0,1
2,EXT3G,extinction2,1625.0,1
2,EXT3G,extinction2,1690.0,1
2,EXT3G,extinction2,1725.0,1
2,EXT3G,extinction2,1825.0,1
2,EXT3G,extinction2,1990.0,1
2,EXT3G,extinction3,0.0,1
2,EXT3G,extinction3,70.0,1
2,EXT3G,extinction3,125.0,1
2,EXT3G,extinction3,245.0,1
2,EXT3G,extinction3,355.0,1
2,EXT3G,extinction3,450.0,1
2,EXT3G,extinction3,475.0,1
2,EXT3G,extinction3,515.0,1
2,EXT3G,extinction3,595.0,1
2,EXT3G,extinction3,645.0,1
2,EXT3G,extinction3,725.0,1
2,EXT3G,extinction3,820.0,1
2,EXT3G,extinction3,915.0,1
2,EXT3G,extinction3,1070.0,1
2,EXT3G,extinction3,1205.0,1
2,EXT3G,extinction3,1275.0,1
2,EXT3G,extinction3,1295.0,1
2,EXT3G,extinction3,1385.0,1
2,EXT3G,extinction3,1430.0,1
2,EXT3G,extinction3,1485.0,1
2,EXT3G,extinction3,1610.0,1
2,EXT3G,extinction3,1650.0,1
2,EXT3G,extinction3,1710.0,1
2,EXT3G,extinction3,1720.0,1
2,EXT3G,extinction3,1865.0,1
2,EXT3G,extinction3,1970.0,1
2,EXT3G,extinction4,0.0,1
2,EXT3G,extinction4,95.0,1
2,EXT3G,extinction4,195.0,1
2,EXT3G,extinction4,200.0,1
2,EXT3G,extinction4,235.0,1
2,EXT3G,extinction4,340.0,1
2,EXT3G,extinction4,385.0,1
2,EXT3G,extinction4,415.0,1
2,EXT3G,extinction4,425.0,1
2,EXT3G,extinction4,530.0,1
2,EXT3G,extinction4,560.0,1
2,EXT3G,extinction4,630.0,1
2,EXT3G,extinction4,730.0,1
2,EXT3G,extinction4,810.0,1
2,EXT3G,extinction4,885.0,1
2,EXT3G,extinction4,925.0,1
2,EXT3G,extinction4,950.0,1
2,EXT3G,extinction4,1060.0,1
2,EXT3G,extinction4,1190.0,1
2,EXT3G,extinction4,1330.0,1
2,EXT3G,extinction4,1430.0,1
2,EXT3G,extinction4,1475.0,1
2,EXT3G,extinction4,1615.0,1
2,EXT3G,extinction4,1710.0,1
2,EXT3G,extinction4,1805.0,1
2,EXT3G,extinction4,1915.0,1
2,EXT3G,lever_training,0.0,2
2,EXT3G,lever_training,10.0,1
2,EXT3G,lever_training,75.0,1
2,EXT3G,lever_training,165.0,1
2,EXT3G,lever_training,195.0,1
2,EXT3G,lever_training,250.0,1
2,EXT3G,lever_training,255.0,1
2,EXT3G,lever_training,270.0,1
2,EXT3G,lever_training,355.0,2
2,EXT3G,lever_training,365.0,1
2,EXT3G,lever_training,435.0,1
2,EXT3G,lever_training,455.0,1
2,EXT3G,lever_training,470.0,1
2,EXT3G,lever_training,560.0,1
2,EXT3G,lever_training,570.0,2
2,EXT3G,lever_training,600.0,1
2,EXT3G,lever_training,680.0,1
2,EXT3G,lever_training,695.0,2
2,EXT3G,lever_training,760.0,1
2,EXT3G,lever_training,800.0,1
2,EXT3G,lever_training,860.0,1
2,EXT3G,lever_training,895.0,1
2,EXT3G,lever_training,965.0,1
2,EXT3G,lever_training,980.0,1
2,EXT3G,lever_training,1020.0,1
2,EXT3G,lever_training,1035.0,1
2,EXT3G,lever_training,1100.0,1
2,EXT3G,lever_training,1140.0,1
2,EXT3G,lever_training,1210.0,1
2,EXT3G,lever_training,1270.0,1
2,EXT3G,lever_training,1335.0,1
2,EXT3G,lever_training,1360.0,1
2,EXT3G,lever_training,1485.0,1
2,EXT3G,lever_training,1505.0,1
2,EXT3G,lever_training,1515.0,1
2,EXT3G,lever_training,1605.0,1
2,EXT3G,lever_training,1635.0,1
2,EXT3G,lever_training,1735.0,1
2,EXT3G,lever_training,1815.0,1
2,EXT3G,lever_training,1870.0,1
2,EXT3G,lever_training,2010.0,1
2,EXT3G,lever_training,2020.0,1
2,EXT3G,lever_training,2135.0,1
2,EXT3G,lever_training,2180.0,1
2,EXT3G,lever_training,2210.0,1
2,EXT3G,lever_training,2250.0,1
2,EXT3G,lever_training,2290.0,1
2,EXT3G,renewal,0.0,1
2,EXT3G,renewal,30.0,1
2,EXT3G,renewal,115.0,1
2,EXT3G,renewal,220.0,1
2,EXT3G,renewal,240.0,1
2,EXT3G,retrieval,0.0,1
2,EXT3G,retrieval,120.0,1
2,EXT3G,retrieval,225.0,1
2,EXT3R,LTM2,0.0,1
2,EXT3R,LTM2,245.0,1
2,EXT3R,extinction1,0.0,1
2,EXT3R,extinction2,0.0,2
2,EXT3R,extinction2,130.0,1
2,EXT3R,extinction2,145.0,1
2,EXT3R,extinction2,160.0,1
2,EXT3R,extinction2,190.0,1
2,EXT3R,extinction2,380.0,1
2,EXT3R,extinction2,515.0,1
2,EXT3R,extinction2,745.0,1
2,EXT3R,extinction2,920.0,1
2,EXT3R,extinction2,985.0,1
2,EXT3R,extinction2,1105.0,1
2,EXT3R,extinction2,1270.0,1
2,EXT3R,extinction2,1395.0,1
2,EXT3R,extinction2,1410.0,1
2,EXT3R,extinction2,1520.0,1
2,EXT3R,extinction2,1655.0,1
2,EXT3R,extinction2,1800.0,1
2,EXT3R,extinction2,1980.0,1
2,EXT3R,extinction3,0.0,1
2,EXT3R,extinction4,0.0,1
2,EXT3R,lever_training,0.0,2
2,EXT3R,lever_training,105.0,1
2,EXT3R,lever_training,120.0,1
2,EXT3R,lever_training,130.0,2
2,EXT3R,lever_training,230.0,1
2,EXT3R,lever_training,235.0,1
2,EXT3R,lever_training,280.0,1
2,EXT3R,lever_training,315.0,1
2,EXT3R,lever_training,330.0,1
2,EXT3R,lever_training,335.0,1
2,EXT3R,lever_training,405.0,1
2,EXT3R,lever_training,440.0,2
2,EXT3R,lever_training,495.0,1
2,EXT3R,lever_training,515.0,1
2,EXT3R,lever_training,540.0,1
2,EXT3R,lever_training,565.0,1
2,EXT3R,lever_training,630.0,1
2,EXT3R,lever_training,670.0,1
2,EXT3R,lever_training,760.0,1
2,EXT3R,lever_training,785.0,1
2,EXT3R,lever_training,885.0,1
2,EXT3R,lever_training,890.0,1
2,EXT3R,lever_training,905.0,1
2,EXT3R,lever_training,920.0,1
2,EXT3R,lever_training,1000.0,1
2,EXT3R,lever_training,1030.0,1
2,EXT3R,lever_training,1050.0,1
2,EXT3R,lever_training,1150.0,1
2,EXT3R,lever_training,1175.0,1
2,EXT3R,lever_training,1265.0,2
2,EXT3R,lever_training,1275.0,1
2,EXT3R,lever_training,1375.0,1
2,EXT3R,lever_training,1390.0,1
2,EXT3R,lever_training,1435.0,1
2,EXT3R,lever_training,1490.0,1
2,EXT3R,lever_training,1525.0,1
2,EXT3R,lever_training,1545.0,1
2,EXT3R,lever_training,1620.0,1
2,EXT3R,lever_training,1625.0,1
2,EXT3R,lever_training,1800.0,1
2,EXT3R,lever_training,1805.0,1
2,EXT3R,lever_training,1870.0,1
2,EXT3R,lever_training,1915.0,1
2,EXT3R,lever_training,1970.0,1
2,EXT3R,lever_training,1975.0,1
2,EXT3R,lever_training,2075.0,1
2,EXT3R,lever_training,2120.0,1
2,EXT3R,lever_training,2160.0,1
2,EXT3R,lever_training,2170.0,1
2,EXT3R,lever_training,2255.0,2
2,EXT3R,lever_training,2300.0,1
2,EXT3R,lever_training,2365.0,1
2,EXT3R,lever_training,2395.0,1
2,EXT3R,renewal,0.0,1
2,EXT3R,retrieval,0.0,1
2,NOEXT1B,LTM2,0.0,1
2,NOEXT1B,LTM2,250.0,1
2,NOEXT1B,extinction1,0.0,1
2,NOEXT1B,extinction1,990.0,1
2,NOEXT1B,extinction1,1120.0,1
2,NOEXT1B,extinction1,1200.0,1
2,NOEXT1B,extinction2,0.0,1
2,NOEXT1B,extinction2,990.0,1
2,NOEXT1B,extinction2,1120.0,1
2,NOEXT1B,extinction2,1200.0,1
2,NOEXT1B,extinction3,0.0,1
2,NOEXT1B,extinction3,1600.0,1
2,NOEXT1B,extinction3,1710.0,1
2,NOEXT1B,extinction3,1815.0,1
2,NOEXT1B,extinction3,1885.0,1
2,NOEXT1B,extinction3,1980.0,1
2,NOEXT1B,extinction4,0.0,1
2,NOEXT1B,extinction4,330.0,1
2,NOEXT1B,extinction4,510.0,1
2,NOEXT1B,extinction4,595.0,1
2,NOEXT1B,extinction4,615.0,1
2,NOEXT1B,extinction4,640.0,1
2,NOEXT1B,extinction4,745.0,1
2,NOEXT1B,extinction4,845.0,1
2,NOEXT1B,extinction4,910.0,1
2,NOEXT1B,extinction4,1020.0,1
2,NOEXT1B,extinction4,1135.0,1
2,NOEXT1B,extinction4,1155.0,1
2,NOEXT1B,extinction4,1265.0,1
2,NOEXT1B,extinction4,1385.0,1
2,NOEXT1B,extinction4,1515.0,1
2,NOEXT1B,extinction4,1590.0,1
2,NOEXT1B,extinction4,1775.0,1
2,NOEXT1B,extinction4,1920.0,1
2,NOEXT1B,extinction4,1970.0,1
2,NOEXT1B,lever_training,0.0,2
2,NOEXT1B,lever_training,130.0,1
2,NOEXT1B,lever_training,150.0,1
2,NOEXT1B,lever_training,175.0,1
2,NOEXT1B,lever_training,240.0,1
2,NOEXT1B,lever_training,265.0,1
2,NOEXT1B,lever_training,355.0,1
2,NOEXT1B,lever_training,360.0,1
2,NOEXT1B,lever_training,460.0,1
2,NOEXT1B,lever_training,525.0,1
2,NOEXT1B,lever_training,565.0,1
2,NOEXT1B,lever_training,715.0,1
2,NOEXT1B,lever_training,825.0,1
2,NOEXT1B,lever_training,890.0,1
2,NOEXT1B,lever_training,1030.0,1
2,NOEXT1B,lever_training,1095.0,1
2,NOEXT1B,lever_training,1150.0,1
2,NOEXT1B,lever_training,1265.0,2
2,NOEXT1B,lever_training,1395.0,1
2,NOEXT1B,lever_training,1405.0,1
2,NOEXT1B,lever_training,1515.0,1
2,NOEXT1B,lever_training,1635.0,1
2,NOEXT1B,lever_training,1755.0,1
2,NOEXT1B,lever_training,1820.0,1
2,NOEXT1B,lever_training,1870.0,1
2,NOEXT1B,lever_training,1900.0,1
2,NOEXT1B,lever_training,2005.0,1
2,NOEXT1B,lever_training,2020.0,1
2,NOEXT1B,lever_training,2040.0,1
2,NOEXT1B,lever_training,2045.0,1
2,NOEXT1B,lever_training,2060.0,1
2,NOEXT1B,lever_training,2095.0,1
2,NOEXT1B,lever_training,2155.0,1
2,NOEXT1B,lever_training,2215.0,1
2,NOEXT1B,lever_training,2255.0,1
2,NOEXT1B,lever_training,2320.0,1
2,NOEXT1B,renewal,0.0,1
2,NOEXT1B,retrieval,0.0,1
2,NOEXT1G,LTM2,0.0,1
2,NOEXT1G,LTM2,220.0,1
2,NOEXT1G,extinction1,0.0,1
2,NOEXT1G,extinction1,295.0,1
2,NOEXT1G,extinction1,790.0,1
2,NOEXT1G,extinction1,1380.0,1
2,NOEXT1G,extinction1,1485.0,1
2,NOEXT1G,extinction1,1615.0,1
2,NOEXT1G,extinction2,0.0,1
2,NOEXT1G,extinction2,295.0,1
2,NOEXT1G,extinction2,790.0,1
2,NOEXT1G,extinction2,1380.0,1
2,NOEXT1G,extinction2,1485.0,1
2,NOEXT1G,extinction2,1615.0,1
2,NOEXT1G,extinction3,0.0,1
2,NOEXT1G,extinction3,470.0,1
2,NOEXT1G,extinction3,1370.0,1
2,NOEXT1G,extinction3,1520.0,1
2,NOEXT1G,extinction3,1735.0,1
2,NOEXT1G,extinction4,0.0,1
2,NOEXT1G,extinction4,245.0,1
2,NOEXT1G,extinction4,310.0,1
2,NOEXT1G,extinction4,400.0,1
2,NOEXT1G,extinction4,545.0,1
2,NOEXT1G,extinction4,755.0,1
2,NOEXT1G,extinction4,980.0,1
2,NOEXT1G,extinction4,1030.0,1
2,NOEXT1G,extinction4,1080.0,1
2,NOEXT1G,extinction4,1145.0,1
2,NOEXT1G,extinction4,1210.0,1
2,NOEXT1G,extinction4,1330.0,1
2,NOEXT1G,extinction4,1500.0,1
2,NOEXT1G,extinction4,1620.0,1
2,NOEXT1G,extinction4,1870.0,1
2,NOEXT1G,lever_training,0.0,2
2,NOEXT1G,lever_training,5.0,1
2,NOEXT1G,lever_training,15.0,1
2,NOEXT1G,lever_training,105.0,1
2,NOEXT1G,lever_training,120.0,1
2,NOEXT1G,lever_training,125.0,2
2,NOEXT1G,lever_training,200.0,1
2,NOEXT1G,lever_training,225.0,1
2,NOEXT1G,lever_training,315.0,1
2,NOEXT1G,lever_training,360.0,1
2,NOEXT1G,lever_training,395.0,1
2,NOEXT1G,lever_training,435.0,1
2,NOEXT1G,lever_training,440.0,1
2,NOEXT1G,lever_training,485.0,1
2,NOEXT1G,lever_training,550.0,1
2,NOEXT1G,lever_training,560.0,1
2,NOEXT1G,lever_training,615.0,1
2,NOEXT1G,lever_training,630.0,2
2,NOEXT1G,lever_training,675.0,1
2,NOEXT1G,lever_training,735.0,1
2,NOEXT1G,lever_training,785.0,2
2,NOEXT1G,lever_training,840.0,1
2,NOEXT1G,lever_training,845.0,1
2,NOEXT1G,lever_training,860.0,1
2,NOEXT1G,lever_training,900.0,1
2,NOEXT1G,lever_training,950.0,1
2,NOEXT1G,lever_training,960.0,1
2,NOEXT1G,lever_training,965.0,1
2,NOEXT1G,lever_training,1060.0,1
2,NOEXT1G,lever_training,1090.0,1
2,NOEXT1G,lever_training,1140.0,1
2,NOEXT1G,lever_training,1160.0,1
2,NOEXT1G,lever_training,1170.0,1
2,NOEXT1G,lever_training,1185.0,1
2,NOEXT1G,lever_training,1205.0,1
2,NOEXT1G,lever_training,1215.0,1
2,NOEXT1G,lever_training,1255.0,1
2,NOEXT1G,lever_training,1265.0,1
2,NOEXT1G,lever_training,1365.0,1
2,NOEXT1G,lever_training,1390.0,1
2,NOEXT1G,lever_training,1405.0,1
2,NOEXT1G,lever_training,1505.0,1
2,NOEXT1G,lever_training,1520.0,1
2,NOEXT1G,lever_training,1610.0,1
2,NOEXT1G,lever_training,1720.0,1
2,NOEXT1G,lever_training,1735.0,1
2,NOEXT1G,lever_training,1780.0,1
2,NOEXT1G,lever_training,1795.0,1
2,NOEXT1G,lever_training,1905.0,1
2,NOEXT1G,lever_training,2030.0,1
2,NOEXT1G,lever_training,2155.0,1
2,NOEXT1G,lever_training,2210.0,1
2,NOEXT1G,lever_training,2310.0,1
2,NOEXT1G,lever_training,2330.0,1
2,NOEXT1G,renewal,0.0,1
2,NOEXT1G,renewal,110.0,1
2,NOEXT1G,renewal,185.0,1
2,NOEXT1G,retrieval,0.0,1
2,NOEXT1G,retrieval,290.0,1
2,NOEXT1G,retrieval,335.0,1
2,NOEXT1R,LTM2,0.0,1
2,NOEXT1R,LTM2,35.0,1
2,NOEXT1R,LTM2,175.0,1
2,NOEXT1R,extinction1,0.0,1
2,NOEXT1R,extinction1,125.0,1
2,NOEXT1R,extinction1,200.0,1
2,NOEXT1R,extinction1,305.0,1
2,NOEXT1R,extinction1,390.0,1
2,NOEXT1R,extinction1,510.0,1
2,NOEXT1R,extinction1,680.0,1
2,NOEXT1R,extinction1,755.0,1
2,NOEXT1R,extinction1,810.0,1
2,NOEXT1R,extinction1,845.0,1
2,NOEXT1R,extinction1,935.0,1
2,NOEXT1R,extinction1,1125.0,1
2,NOEXT1R,extinction1,1295.0,1
2,NOEXT1R,extinction1,1410.0,1
2,NOEXT1R,extinction1,1675.0,1
2,NOEXT1R,extinction1,1770.0,1
2,NOEXT1R,extinction1,1930.0,1
2,NOEXT1R,extinction2,0.0,1
2,NOEXT1R,extinction2,125.0,1
2,NOEXT1R,extinction2,200.0,1
2,NOEXT1R,extinction2,305.0,1
2,NOEXT1R,extinction2,390.0,1
2,NOEXT1R,extinction2,510.0,1
2,NOEXT1R,extinction2,680.0,1
2,NOEXT1R,extinction2,755.0,1
2,NOEXT1R,extinction2,810.0,1
2,NOEXT1R,extinction2,845.0,1
2,NOEXT1R,extinction2,935.0,1
2,NOEXT1R,extinction2,1125.0,1
2,NOEXT1R,extinction2,1295.0,1
2,NOEXT1R,extinction2,1410.0,1
2,NOEXT1R,extinction2,1675.0,1
2,NOEXT1R,extinction2,1770.0,1
2,NOEXT1R,extinction2,1930.0,1
2,NOEXT1R,extinction3,0.0,1
2,NOEXT1R,extinction3,140.0,1
2,NOEXT1R,extinction3,155.0,1
2,NOEXT1R,extinction3,275.0,1
2,NOEXT1R,extinction3,460.0,1
2,NOEXT1R,extinction3,500.0,1
2,NOEXT1R,extinction3,645.0,1
2,NOEXT1R,extinction3,770.0,1
2,NOEXT1R,extinction3,845.0,1
2,NOEXT1R,extinction3,1005.0,1
2,NOEXT1R,extinction3,1155.0,1
2,NOEXT1R,extinction3,1290.0,1
2,NOEXT1R,extinction3,1620.0,1
2,NOEXT1R,extinction4,0.0,1
2,NOEXT1R,extinction4,105.0,1
2,NOEXT1R,extinction4,165.0,1
2,NOEXT1R,extinction4,205.0,1
2,NOEXT1R,extinction4,300.0,1
2,NOEXT1R,extinction4,355.0,1
2,NOEXT1R,extinction4,410.0,1
2,NOEXT1R,extinction4,515.0,1
2,NOEXT1R,extinction4,595.0,1
2,NOEXT1R,extinction4,745.0,1
2,NOEXT1R,extinction4,825.0,1
2,NOEXT1R,extinction4,965.0,1
2,NOEXT1R,extinction4,1095.0,1
2,NOEXT1R,lever_training,0.0,2
2,NOEXT1R,lever_training,75.0,1
2,NOEXT1R,lever_training,85.0,1
2,NOEXT1R,lever_training,120.0,1
2,NOEXT1R,lever_training,135.0,1
2,NOEXT1R,lever_training,210.0,1
2,NOEXT1R,lever_training,225.0,1
2,NOEXT1R,lever_training,245.0,1
2,NOEXT1R,lever_training,325.0,1
2,NOEXT1R,lever_training,375.0,1
2,NOEXT1R,lever_training,430.0,1
2,NOEXT1R,lever_training,495.0,1
2,NOEXT1R,lever_training,505.0,1
2,NOEXT1R,lever_training,540.0,1
2,NOEXT1R,lever_training,570.0,1
2,NOEXT1R,lever_training,585.0,1
2,NOEXT1R,lever_training,640.0,1
2,NOEXT1R,lever_training,675.0,1
2,NOEXT1R,lever_training,745.0,1
2,NOEXT1R,lever_training,820.0,1
2,NOEXT1R,lever_training,850.0,1
2,NOEXT1R,lever_training,855.0,1
2,NOEXT1R,lever_training,910.0,1
2,NOEXT1R,lever_training,920.0,1
2,NOEXT1R,lever_training,960.0,1
2,NOEXT1R,lever_training,1015.0,1
2,NOEXT1R,lever_training,1080.0,1
2,NOEXT1R,lever_training,1110.0,1
2,NOEXT1R,lever_training,1120.0,1
2,NOEXT1R,lever_training,1145.0,1
2,NOEXT1R,lever_training,1215.0,1
2,NOEXT1R,lever_training,1225.0,1
2,NOEXT1R,lever_training,1330.0,1
2,NOEXT1R,lever_training,1335.0,1
2,NOEXT1R,lever_training,1450.0,1
2,NOEXT1R,lever_training,1455.0,1
2,NOEXT1R,lever_training,1485.0,1
2,NOEXT1R,lever_training,1490.0,1
2,NOEXT1R,lever_training,1525.0,1
2,NOEXT1R,lever_training,1600.0,1
2,NOEXT1R,lever_training,1625.0,1
2,NOEXT1R,lever_training,1680.0,1
2,NOEXT1R,lever_training,1725.0,1
2,NOEXT1R,lever_training,1780.0,1
2,NOEXT1R,lever_training,1800.0,1
2,NOEXT1R,lever_training,1895.0,1
2,NOEXT1R,lever_training,1935.0,1
2,NOEXT1R,lever_training,2065.0,1
2,NOEXT1R,lever_training,2085.0,1
2,NOEXT1R,lever_training,2150.0,1
2,NOEXT1R,lever_training,2265.0,1
2,NOEXT1R,lever_training,2285.0,1
2,NOEXT1R,lever_training,2295.0,1
2,NOEXT1R,lever_training,2395.0,1
2,NOEXT1R,renewal,0.0,1
2,NOEXT1R,renewal,75.0,1
2,NOEXT1R,renewal,120.0,1
2,NOEXT1R,renewal,235.0,1
2,NOEXT1R,retrieval,0.0,1
2,NOEXT2B,LTM2,0.0,1
2,NOEXT2B,LTM2,225.0,1
2,NOEXT2B,extinction1,0.0,1
2,NOEXT2B,extinction1,140.0,1
2,NOEXT2B,extinction1,1830.0,1
2,NOEXT2B,extinction1,2780.0,1
2,NOEXT2B,extinction1,3160.0,1
2,NOEXT2B,extinction2,0.0,1
2,NOEXT2B,extinction2,350.0,1
2,NOEXT2B,extinction2,525.0,1
2,NOEXT2B,extinction2,630.0,1
2,NOEXT2B,extinction2,730.0,1
2,NOEXT2B,extinction2,960.0,1
2,NOEXT2B,extinction2,1070.0,1
2,NOEXT2B,extinction2,1775.0,1
2,NOEXT2B,extinction2,2000.0,1
2,NOEXT2B,extinction2,2120.0,1
2,NOEXT2B,extinction3,0.0,1
2,NOEXT2B,extinction3,120.0,1
2,NOEXT2B,extinction3,800.0,1
2,NOEXT2B,extinction3,1090.0,1
2,NOEXT2B,extinction3,1310.0,1
2,NOEXT2B,extinction3,1465.0,1
2,NOEXT2B,extinction3,1585.0,1
2,NOEXT2B,extinction3,1800.0,1
2,NOEXT2B,extinction4,0.0,1
2,NOEXT2B,extinction4,480.0,1
2,NOEXT2B,extinction4,780.0,1
2,NOEXT2B,extinction4,975.0,1
2,NOEXT2B,extinction4,1255.0,1
2,NOEXT2B,extinction4,1495.0,1
2,NOEXT2B,extinction4,1775.0,1
2,NOEXT2B,extinction4,1875.0,1
2,NOEXT2B,lever_training,0.0,2
2,NOEXT2B,lever_training,50.0,1
2,NOEXT2B,lever_training,115.0,1
2,NOEXT2B,lever_training,145.0,1
2,NOEXT2B,lever_training,200.0,1
2,NOEXT2B,lever_training,215.0,1
2,NOEXT2B,lever_training,240.0,1
2,NOEXT2B,lever_training,275.0,1
2,NOEXT2B,lever_training,325.0,1
2,NOEXT2B,lever_training,340.0,1
2,NOEXT2B,lever_training,425.0,1
2,NOEXT2B,lever_training,440.0,1
2,NOEXT2B,lever_training,515.0,1
2,NOEXT2B,lever_training,540.0,1
2,NOEXT2B,lever_training,605.0,1
2,NOEXT2B,lever_training,715.0,1
2,NOEXT2B,lever_training,735.0,1
2,NOEXT2B,lever_training,765.0,1
2,NOEXT2B,lever_training,855.0,1
2,NOEXT2B,lever_training,875.0,1
2,NOEXT2B,lever_training,975.0,1
2,NOEXT2B,lever_training,1075.0,1
2,NOEXT2B,lever_training,1155.0,1
2,NOEXT2B,lever_training,1250.0,1
2,NOEXT2B,lever_training,1310.0,1
2,NOEXT2B,lever_training,1370.0,1
2,NOEXT2B,lever_training,1410.0,1
2,NOEXT2B,lever_training,1505.0,1
2,NOEXT2B,lever_training,1520.0,2
2,NOEXT2B,lever_training,1525.0,1
2,NOEXT2B,lever_training,1575.0,1
2,NOEXT2B,lever_training,1615.0,1
2,NOEXT2B,lever_training,1685.0,1
2,NOEXT2B,lever_training,1715.0,1
2,NOEXT2B,lever_training,1815.0,1
2,NOEXT2B,lever_training,1935.0,1
2,NOEXT2B,lever_training,1950.0,1
2,NOEXT2B,lever_training,2065.0,1
2,NOEXT2B,lever_training,2130.0,2
2,NOEXT2B,lever_training,2190.0,1
2,NOEXT2B,lever_training,2225.0,1
2,NOEXT2B,lever_training,2285.0,1
2,NOEXT2B,lever_training,2305.0,1
2,NOEXT2B,lever_training,2310.0,1
2,NOEXT2B,lever_training,2380.0,1
2,NOEXT2B,renewal,0.0,1
2,NOEXT2B,renewal,235.0,1
2,NOEXT2B,retrieval,0.0,1
2,NOEXT2G,LTM2,0.0,1
2,NOEXT2G,extinction1,0.0,1
2,NOEXT2G,extinction1,495.0,1
2,NOEXT2G,extinction1,825.0,1
2,NOEXT2G,extinction1,960.0,1
2,NOEXT2G,extinction1,1160.0,1
2,NOEXT2G,extinction1,2740.0,1
2,NOEXT2G,extinction2,0.0,1
2,NOEXT2G,extinction2,1235.0,1
2,NOEXT2G,extinction2,1440.0,1
2,NOEXT2G,extinction2,1480.0,1
2,NOEXT2G,extinction2,1490.0,1
2,NOEXT2G,extinction2,1595.0,1
2,NOEXT2G,extinction2,1700.0,1
2,NOEXT2G,extinction2,1720.0,1
2,NOEXT2G,extinction2,1785.0,1
2,NOEXT2G,extinction2,1880.0,1
2,NOEXT2G,extinction2,1965.0,1
2,NOEXT2G,extinction2,2005.0,1
2,NOEXT2G,extinction2,2020.0,1
2,NOEXT2G,extinction2,2065.0,1
2,NOEXT2G,extinction2,2080.0,1
2,NOEXT2G,extinction2,2180.0,1
2,NOEXT2G,extinction2,2185.0,1
2,NOEXT2G,extinction3,0.0,1
2,NOEXT2G,extinction3,285.0,1
2,NOEXT2G,extinction3,450.0,1
2,NOEXT2G,extinction3,580.0,1
2,NOEXT2G,extinction3,715.0,1
2,NOEXT2G,extinction3,950.0,1
2,NOEXT2G,extinction3,1235.0,1
2,NOEXT2G,extinction3,2000.0,1
2,NOEXT2G,extinction4,0.0,1
2,NOEXT2G,extinction4,545.0,1
2,NOEXT2G,extinction4,725.0,1
2,NOEXT2G,extinction4,910.0,1
2,NOEXT2G,extinction4,940.0,1
2,NOEXT2G,extinction4,975.0,1
2,NOEXT2G,extinction4,1060.0,1
2,NOEXT2G,extinction4,1215.0,1
2,NOEXT2G,extinction4,1245.0,1
2,NOEXT2G,extinction4,1380.0,1
2,NOEXT2G,extinction4,1535.0,1
2,NOEXT2G,extinction4,1570.0,1
2,NOEXT2G,extinction4,1705.0,1
2,NOEXT2G,lever_training,0.0,2
2,NOEXT2G,lever_training,170.0,1
2,NOEXT2G,lever_training,185.0,1
2,NOEXT2G,lever_training,225.0,1
2,NOEXT2G,lever_training,300.0,1
2,NOEXT2G,lever_training,330.0,1
2,NOEXT2G,lever_training,400.0,1
2,NOEXT2G,lever_training,435.0,1
2,NOEXT2G,lever_training,505.0,1
2,NOEXT2G,lever_training,545.0,1
2,NOEXT2G,lever_training,610.0,1
2,NOEXT2G,lever_training,650.0,1
2,NOEXT2G,lever_training,715.0,1
2,NOEXT2G,lever_training,765.0,1
2,NOEXT2G,lever_training,770.0,1
2,NOEXT2G,lever_training,890.0,1
2,NOEXT2G,lever_training,940.0,1
2,NOEXT2G,lever_training,1005.0,1
2,NOEXT2G,lever_training,1130.0,1
2,NOEXT2G,lever_training,1135.0,1
2,NOEXT2G,lever_training,1235.0,1
2,NOEXT2G,lever_training,1250.0,1
2,NOEXT2G,lever_training,1310.0,1
2,NOEXT2G,lever_training,1390.0,1
2,NOEXT2G,lever_training,1450.0,1
2,NOEXT2G,lever_training,1510.0,1
2,NOEXT2G,lever_training,1540.0,1
2,NOEXT2G,lever_training,1610.0,1
2,NOEXT2G,lever_training,1670.0,1
2,NOEXT2G,lever_training,1765.0,1
2,NOEXT2G,lever_training,1795.0,1
2,NOEXT2G,lever_training,2080.0,1
2,NOEXT2G,lever_training,2185.0,1
2,NOEXT2G,lever_training,2260.0,1
2,NOEXT2G,lever_training,2320.0,1
2,NOEXT2G,renewal,0.0,1
2,NOEXT2G,retrieval,0.0,1
2,NOEXT3B,LTM2,0.0,1
2,NOEXT3B,LTM2,45.0,1
2,NOEXT3B,LTM2,150.0,1
2,NOEXT3B,LTM2,300.0,1
2,NOEXT3B,extinction1,0.0,1
2,NOEXT3B,extinction1,215.0,1
2,NOEXT3B,extinction1,295.0,1
2,NOEXT3B,extinction1,385.0,1
2,NOEXT3B,extinction1,450.0,1
2,NOEXT3B,extinction1,545.0,1
2,NOEXT3B,extinction1,620.0,1
2,NOEXT3B,extinction1,650.0,1
2,NOEXT3B,extinction1,670.0,1
2,NOEXT3B,extinction1,685.0,1
2,NOEXT3B,extinction1,795.0,1
2,NOEXT3B,extinction1,900.0,1
2,NOEXT3B,extinction1,955.0,1
2,NOEXT3B,extinction1,1060.0,1
2,NOEXT3B,extinction1,1155.0,1
2,NOEXT3B,extinction1,1280.0,1
2,NOEXT3B,extinction1,1510.0,1
2,NOEXT3B,extinction1,1645.0,1
2,NOEXT3B,extinction1,1855.0,1
2,NOEXT3B,extinction1,2270.0,1
2,NOEXT3B,extinction1,2350.0,1
2,NOEXT3B,extinction1,2455.0,1
2,NOEXT3B,extinction1,2515.0,1
2,NOEXT3B,extinction1,2580.0,1
2,NOEXT3B,extinction1,2640.0,1
2,NOEXT3B,extinction1,2765.0,1
2,NOEXT3B,extinction1,2875.0,1
2,NOEXT3B,extinction1,2970.0,1
2,NOEXT3B,extinction1,3220.0,1
2,NOEXT3B,extinction2,0.0,1
2,NOEXT3B,extinction2,780.0,1
2,NOEXT3B,extinction2,910.0,1
2,NOEXT3B,extinction2,980.0,1
2,NOEXT3B,extinction2,1155.0,1
2,NOEXT3B,extinction2,1280.0,1
2,NOEXT3B,extinction2,1355.0,1
2,NOEXT3B,extinction2,1390.0,1
2,NOEXT3B,extinction2,1475.0,1
2,NOEXT3B,extinction2,1590.0,1
2,NOEXT3B,extinction2,1650.0,1
2,NOEXT3B,extinction2,1680.0,1
2,NOEXT3B,extinction2,1795.0,1
2,NOEXT3B,extinction2,1820.0,1
2,NOEXT3B,extinction2,1935.0,1
2,NOEXT3B,extinction2,1970.0,1
2,NOEXT3B,extinction3,0.0,1
2,NOEXT3B,extinction3,160.0,1
2,NOEXT3B,extinction3,190.0,1
2,NOEXT3B,extinction3,295.0,1
2,NOEXT3B,extinction3,420.0,1
2,NOEXT3B,extinction3,520.0,1
2,NOEXT3B,extinction3,550.0,1
2,NOEXT3B,extinction3,625.0,1
2,NOEXT3B,extinction3,700.0,1
2,NOEXT3B,extinction3,810.0,1
2,NOEXT3B,extinction3,915.0,1
2,NOEXT3B,extinction3,1000.0,1
2,NOEXT3B,extinction3,1075.0,1
2,NOEXT3B,extinction3,1170.0,1
2,NOEXT3B,extinction3,1240.0,1
2,NOEXT3B,extinction3,1350.0,1
2,NOEXT3B,extinction3,1470.0,1
2,NOEXT3B,extinction3,1500.0,1
2,NOEXT3B,extinction3,1575.0,1
2,NOEXT3B,extinction3,1595.0,1
2,NOEXT3B,extinction3,1715.0,1
2,NOEXT3B,extinction3,1810.0,1
2,NOEXT3B,extinction3,1960.0,1
2,NOEXT3B,extinction4,0.0,1
2,NOEXT3B,extinction4,160.0,1
2,NOEXT3B,extinction4,335.0,1
2,NOEXT3B,extinction4,440.0,1
2,NOEXT3B,extinction4,545.0,1
2,NOEXT3B,extinction4,700.0,1
2,NOEXT3B,extinction4,845.0,1
2,NOEXT3B,extinction4,1005.0,1
2,NOEXT3B,extinction4,1050.0,1
2,NOEXT3B,extinction4,1205.0,1
2,NOEXT3B,extinction4,1370.0,1
2,NOEXT3B,extinction4,1530.0,1
2,NOEXT3B,extinction4,1785.0,1
2,NOEXT3B,extinction4,1925.0,1
2,NOEXT3B,lever_training,0.0,2
2,NOEXT3B,lever_training,120.0,1
2,NOEXT3B,lever_training,160.0,1
2,NOEXT3B,lever_training,170.0,1
2,NOEXT3B,lever_training,280.0,1
2,NOEXT3B,lever_training,300.0,1
2,NOEXT3B,lever_training,405.0,2
2,NOEXT3B,lever_training,445.0,1
2,NOEXT3B,lever_training,465.0,1
2,NOEXT3B,lever_training,495.0,1
2,NOEXT3B,lever_training,525.0,1
2,NOEXT3B,lever_training,550.0,1
2,NOEXT3B,lever_training,570.0,1
2,NOEXT3B,lever_training,590.0,1
2,NOEXT3B,lever_training,620.0,1
2,NOEXT3B,lever_training,670.0,1
2,NOEXT3B,lever_training,715.0,1
2,NOEXT3B,lever_training,735.0,1
2,NOEXT3B,lever_training,760.0,1
2,NOEXT3B,lever_training,830.0,1
2,NOEXT3B,lever_training,845.0,2
2,NOEXT3B,lever_training,950.0,1
2,NOEXT3B,lever_training,960.0,1
2,NOEXT3B,lever_training,1095.0,1
2,NOEXT3B,lever_training,1110.0,1
2,NOEXT3B,lever_training,1190.0,1
2,NOEXT3B,lever_training,1225.0,2
2,NOEXT3B,lever_training,1350.0,1
2,NOEXT3B,lever_training,1380.0,1
2,NOEXT3B,lever_training,1420.0,1
2,NOEXT3B,lever_training,1425.0,1
2,NOEXT3B,lever_training,1560.0,1
2,NOEXT3B,lever_training,1585.0,1
2,NOEXT3B,lever_training,1705.0,1
2,NOEXT3B,lever_training,1730.0,1
2,NOEXT3B,lever_training,1845.0,1
2,NOEXT3B,lever_training,1880.0,1
2,NOEXT3B,lever_training,2020.0,1
2,NOEXT3B,lever_training,2055.0,1
2,NOEXT3B,lever_training,2145.0,1
2,NOEXT3B,lever_training,2275.0,1
2,NOEXT3B,lever_training,2395.0,1
2,NOEXT3B,renewal,0.0,1
2,NOEXT3B,retrieval,0.0,1
2,NOEXT3G,LTM2,0.0,1
2,NOEXT3G,extinction1,0.0,1
2,NOEXT3G,extinction1,810.0,1
2,NOEXT3G,extinction1,985.0,1
2,NOEXT3G,extinction1,1185.0,1
2,NOEXT3G,extinction1,1375.0,1
2,NOEXT3G,extinction2,0.0,1
2,NOEXT3G,extinction3,0.0,1
2,NOEXT3G,extinction3,285.0,1
2,NOEXT3G,extinction3,335.0,1
2,NOEXT3G,extinction3,565.0,1
2,NOEXT3G,extinction4,0.0,1
2,NOEXT3G,lever_training,0.0,2
2,NOEXT3G,lever_training,80.0,1
2,NOEXT3G,lever_training,185.0,1
2,NOEXT3G,lever_training,200.0,1
2,NOEXT3G,lever_training,300.0,2
2,NOEXT3G,lever_training,325.0,1
2,NOEXT3G,lever_training,345.0,1
2,NOEXT3G,lever_training,450.0,1
2,NOEXT3G,lever_training,485.0,1
2,NOEXT3G,lever_training,540.0,2
2,NOEXT3G,lever_training,610.0,1
2,NOEXT3G,lever_training,665.0,1
2,NOEXT3G,lever_training,685.0,1
2,NOEXT3G,lever_training,725.0,1
2,NOEXT3G,lever_training,805.0,1
2,NOEXT3G,lever_training,845.0,1
2,NOEXT3G,lever_training,950.0,1
2,NOEXT3G,lever_training,955.0,1
2,NOEXT3G,lever_training,990.0,1
2,NOEXT3G,lever_training,1075.0,1
2,NOEXT3G,lever_training,1115.0,1
2,NOEXT3G,lever_training,1155.0,1
2,NOEXT3G,lever_training,1210.0,1
2,NOEXT3G,lever_training,1270.0,1
2,NOEXT3G,lever_training,1345.0,1
2,NOEXT3G,lever_training,1370.0,1
2,NOEXT3G,lever_training,1450.0,1
2,NOEXT3G,lever_training,1495.0,1
2,NOEXT3G,lever_training,1525.0,1
2,NOEXT3G,lever_training,1630.0,1
2,NOEXT3G,lever_training,1665.0,1
2,NOEXT3G,lever_training,1755.0,1
2,NOEXT3G,lever_training,1760.0,1
2,NOEXT3G,lever_training,1855.0,1
2,NOEXT3G,lever_training,1880.0,1
2,NOEXT3G,lever_training,1940.0,1
2,NOEXT3G,lever_training,2015.0,1
2,NOEXT3G,lever_training,2025.0,1
2,NOEXT3G,lever_training,2105.0,1
2,NOEXT3G,lever_training,2170.0,1
2,NOEXT3G,lever_training,2225.0,1
2,NOEXT3G,lever_training,2295.0,2
2,NOEXT3G,lever_training,2350.0,1
2,NOEXT3G,renewal,0.0,1
2,NOEXT3G,retrieval,0.0,1
2,NOEXT3R,LTM2,0.0,1
2,NOEXT3R,LTM2,95.0,1
2,NOEXT3R,LTM2,205.0,1
2,NOEXT3R,extinction1,0.0,1
2,NOEXT3R,extinction1,170.0,1
2,NOEXT3R,extinction1,285.0,1
2,NOEXT3R,extinction1,405.0,1
2,NOEXT3R,extinction1,520.0,1
2,NOEXT3R,extinction1,595.0,1
2,NOEXT3R,extinction1,710.0,1
2,NOEXT3R,extinction1,780.0,1
2,NOEXT3R,extinction1,825.0,1
2,NOEXT3R,extinction1,905.0,1
2,NOEXT3R,extinction1,1010.0,1
2,NOEXT3R,extinction1,1115.0,1
2,NOEXT3R,extinction1,1235.0,1
2,NOEXT3R,extinction1,1300.0,1
2,NOEXT3R,extinction1,1425.0,1
2,NOEXT3R,extinction1,1505.0,1
2,NOEXT3R,extinction1,1550.0,1
2,NOEXT3R,extinction1,1655.0,1
2,NOEXT3R,extinction1,1680.0,1
2,NOEXT3R,extinction1,1705.0,1
2,NOEXT3R,extinction1,1820.0,1
2,NOEXT3R,extinction1,1920.0,1
2,NOEXT3R,extinction1,1995.0,1
2,NOEXT3R,extinction1,2090.0,1
2,NOEXT3R,extinction1,2195.0,1
2,NOEXT3R,extinction1,2325.0,1
2,NOEXT3R,extinction1,2435.0,1
2,NOEXT3R,extinction1,2545.0,1
2,NOEXT3R,extinction1,2665.0,1
2,NOEXT3R,extinction1,2805.0,1
2,NOEXT3R,extinction1,2930.0,1
2,NOEXT3R,extinction1,2985.0,1
2,NOEXT3R,extinction1,3105.0,1
2,NOEXT3R,extinction1,3225.0,1
2,NOEXT3R,extinction1,3380.0,1
2,NOEXT3R,extinction2,0.0,1
2,NOEXT3R,extinction2,465.0,1
2,NOEXT3R,extinction2,625.0,1
2,NOEXT3R,extinction2,680.0,1
2,NOEXT3R,extinction2,825.0,1
2,NOEXT3R,extinction2,940.0,1
2,NOEXT3R,extinction2,1000.0,1
2,NOEXT3R,extinction2,1110.0,1
2,NOEXT3R,extinction2,1155.0,1
2,NOEXT3R,extinction2,1190.0,1
2,NOEXT3R,extinction2,1310.0,1
2,NOEXT3R,extinction2,1450.0,1
2,NOEXT3R,extinction2,1565.0,1
2,NOEXT3R,extinction2,1590.0,1
2,NOEXT3R,extinction2,1705.0,1
2,NOEXT3R,extinction2,1820.0,1
2,NOEXT3R,extinction2,1905.0,1
2,NOEXT3R,extinction2,1945.0,1
2,NOEXT3R,extinction3,0.0,1
2,NOEXT3R,extinction3,115.0,1
2,NOEXT3R,extinction3,255.0,1
2,NOEXT3R,extinction3,370.0,1
2,NOEXT3R,extinction3,485.0,1
2,NOEXT3R,extinction3,605.0,1
2,NOEXT3R,extinction3,760.0,1
2,NOEXT3R,extinction3,910.0,1
2,NOEXT3R,extinction3,915.0,1
2,NOEXT3R,extinction3,1035.0,1
2,NOEXT3R,extinction3,1065.0,1
2,NOEXT3R,extinction3,1175.0,1
2,NOEXT3R,extinction3,1280.0,1
2,NOEXT3R,extinction3,1305.0,1
2,NOEXT3R,extinction3,1375.0,1
2,NOEXT3R,extinction3,1500.0,1
2,NOEXT3R,extinction3,1610.0,1
2,NOEXT3R,extinction3,1685.0,1
2,NOEXT3R,extinction3,1760.0,1
2,NOEXT3R,extinction3,1875.0,1
2,NOEXT3R,extinction3,1930.0,1
2,NOEXT3R,extinction4,0.0,1
2,NOEXT3R,extinction4,35.0,1
2,NOEXT3R,extinction4,150.0,1
2,NOEXT3R,extinction4,260.0,1
2,NOEXT3R,extinction4,330.0,1
2,NOEXT3R,extinction4,455.0,1
2,NOEXT3R,extinction4,550.0,1
2,NOEXT3R,extinction4,555.0,1
2,NOEXT3R,extinction4,650.0,1
2,NOEXT3R,extinction4,710.0,1
2,NOEXT3R,extinction4,805.0,1
2,NOEXT3R,extinction4,855.0,1
2,NOEXT3R,extinction4,880.0,1
2,NOEXT3R,extinction4,955.0,1
2,NOEXT3R,extinction4,1050.0,1
2,NOEXT3R,extinction4,1145.0,1
2,NOEXT3R,extinction4,1170.0,1
2,NOEXT3R,extinction4,1280.0,1
2,NOEXT3R,extinction4,1395.0,1
2,NOEXT3R,extinction4,1475.0,1
2,NOEXT3R,extinction4,1585.0,1
2,NOEXT3R,extinction4,1600.0,1
2,NOEXT3R,extinction4,1660.0,1
2,NOEXT3R,extinction4,1705.0,1
2,NOEXT3R,extinction4,1810.0,1
2,NOEXT3R,extinction4,1830.0,1
2,NOEXT3R,extinction4,1960.0,1
2,NOEXT3R,lever_training,0.0,2
2,NOEXT3R,lever_training,60.0,1
2,NOEXT3R,lever_training,105.0,1
2,NOEXT3R,lever_training,110.0,1
2,NOEXT3R,lever_training,120.0,1
2,NOEXT3R,lever_training,140.0,1
2,NOEXT3R,lever_training,165.0,1
2,NOEXT3R,lever_training,170.0,1
2,NOEXT3R,lever_training,175.0,1
2,NOEXT3R,lever_training,185.0,1
2,NOEXT3R,lever_training,210.0,1
2,NOEXT3R,lever_training,275.0,1
2,NOEXT3R,lever_training,280.0,1
2,NOEXT3R,lever_training,295.0,1
2,NOEXT3R,lever_training,365.0,1
2,NOEXT3R,lever_training,390.0,1
2,NOEXT3R,lever_training,410.0,1
2,NOEXT3R,lever_training,470.0,1
2,NOEXT3R,lever_training,485.0,1
2,NOEXT3R,lever_training,495.0,1
2,NOEXT3R,lever_training,580.0,1
2,NOEXT3R,lever_training,590.0,1
2,NOEXT3R,lever_training,600.0,1
2,NOEXT3R,lever_training,625.0,1
2,NOEXT3R,lever_training,670.0,1
2,NOEXT3R,lever_training,730.0,1
2,NOEXT3R,lever_training,740.0,1
2,NOEXT3R,lever_training,750.0,1
2,NOEXT3R,lever_training,815.0,1
2,NOEXT3R,lever_training,830.0,1
2,NOEXT3R,lever_training,895.0,1
2,NOEXT3R,lever_training,935.0,1
2,NOEXT3R,lever_training,995.0,1
2,NOEXT3R,lever_training,1045.0,2
2,NOEXT3R,lever_training,1160.0,1
2,NOEXT3R,lever_training,1165.0,1
2,NOEXT3R,lever_training,1180.0,1
2,NOEXT3R,lever_training,1250.0,1
2,NOEXT3R,lever_training,1255.0,1
2,NOEXT3R,lever_training,1325.0,1
2,NOEXT3R,lever_training,1380.0,1
2,NOEXT3R,lever_training,1415.0,2
2,NOEXT3R,lever_training,1455.0,1
2,NOEXT3R,lever_training,1515.0,1
2,NOEXT3R,lever_training,1595.0,1
2,NOEXT3R,lever_training,1635.0,1
2,NOEXT3R,lever_training,1725.0,1
2,NOEXT3R,lever_training,1730.0,1
2,NOEXT3R,lever_training,1750.0,1
2,NOEXT3R,lever_training,1760.0,1
2,NOEXT3R,lever_training,1845.0,1
2,NOEXT3R,lever_training,1870.0,1
2,NOEXT3R,lever_training,1885.0,1
2,NOEXT3R,lever_training,1915.0,1
2,NOEXT3R,lever_training,1965.0,1
2,NOEXT3R,lever_training,2000.0,1
2,NOEXT3R,lever_training,2010.0,1
2,NOEXT3R,lever_training,2055.0,1
2,NOEXT3R,lever_training,2105.0,1
2,NOEXT3R,lever_training,2155.0,1
2,NOEXT3R,lever_training,2200.0,1
2,NOEXT3R,lever_training,2260.0,1
2,NOEXT3R,lever_training,2310.0,1
2,NOEXT3R,lever_training,2340.0,1
2,NOEXT3R,lever_training,2370.0,1
2,NOEXT3R,lever_training,2390.0,1
2,NOEXT3R,renewal,0.0,1
2,NOEXT3R,renewal,90.0,1
2,NOEXT3R,renewal,195.0,1
2,NOEXT3R,renewal,230.0,1
2,NOEXT3R,retrieval,0.0,1
2,NOEXT3R,retrieval,175.0,1
2,NOEXT3R,retrieval,295.0,1
