study,subject_id,session_name,source_filepath,time_min,time_max,n_rows
1a,XIN1R,generalization_5k,研究1a/oringinaldata/leverpresses/Excel_GS4/GS4 5KHZ/2024_04_27__14_55_00_Xin1R5k.csv,0.0,569.92,24
1a,XIN1G,generalization_5k,研究1a/oringinaldata/leverpresses/Excel_GS4/GS4 5KHZ/2024_04_27__14_55_06_Xin1G5k.csv,0.0,569.9,163
1a,XIN1B,generalization_5k,研究1a/oringinaldata/leverpresses/Excel_GS4/GS4 5KHZ/2024_04_27__15_12_00_Xin1B.csv,0.0,558.75,76
1a,XIN4R,generalization_5k,研究1a/oringinaldata/leverpresses/Excel_GS4/GS4 5KHZ/2024_04_27__15_12_06_Xin4R.csv,0.0,558.765,34
1a,XIN4G,generalization_5k,研究1a/oringinaldata/leverpresses/Excel_GS4/GS4 5KHZ/2024_04_27__15_27_00_Xin4G.csv,0.0,554.205,171
1a,XIN4B,generalization_5k,研究1a/oringinaldata/leverpresses/Excel_GS4/GS4 5KHZ/2024_04_27__15_27_06_Xin4B.csv,0.0,554.18,238
1a,XIN2R,generalization_5k,研究1a/oringinaldata/leverpresses/Excel_GS4/GS4 5KHZ/2024_04_27__15_41_00_Xin2R.csv,0.0,555.41,341
1a,XIN2G,generalization_5k,研究1a/oringinaldata/leverpresses/Excel_GS4/GS4 5KHZ/2024_04_27__15_41_06_Xin2G.csv,0.0,555.375,193
1a,XIN2B,generalization_5k,研究1a/oringinaldata/leverpresses/Excel_GS4/GS4 5KHZ/2024_04_27__15_55_00_Xin2B.csv,0.0,558.305,64
1a,XIN3R,generalization_5k,研究1a/oringinaldata/leverpresses/Excel_GS4/GS4 5KHZ/2024_04_27__15_55_06_Xin3R.csv,0.0,558.285,176
1a,XIN3G,generalization_5k,研究1a/oringinaldata/leverpresses/Excel_GS4/GS4 5KHZ/2024_04_27__16_09_00_Xin3G.csv,0.0,556.46,385
1a,XIN3B,generalization_5k,研究1a/oringinaldata/leverpresses/Excel_GS4/GS4 5KHZ/2024_04_27__16_09_06_Xin3B.csv,0.0,556.465,132
1a,XIN1R,generalization_7k,研究1a/oringinaldata/leverpresses/Excel_GS4/GS4 7KHZ/2024_04_26__14_56_00_Xin1R7k.csv,0.0,556.355,26
1a,XIN1G,generalization_7k,研究1a/oringinaldata/leverpresses/Excel_GS4/GS4 7KHZ/2024_04_26__14_56_06_Xin1G7k.csv,0.0,556.345,34
1a,XIN1B,generalization_7k,研究1a/oringinaldata/leverpresses/Excel_GS4/GS4 7KHZ/2024_04_26__15_15_00_Xin1B7k.csv,0.0,556.545,20
1a,XIN4R,generalization_7k,研究1a/oringinaldata/leverpresses/Excel_GS4/GS4 7KHZ/2024_04_26__15_15_06_Xin4R7k.csv,0.0,556.555,32
1a,XIN4G,generalization_7k,研究1a/oringinaldata/leverpresses/Excel_GS4/GS4 7KHZ/2024_04_26__15_32_00_Xin4G7k.csv,0.0,562.135,81
1a,XIN4B,generalization_7k,研究1a/oringinaldata/leverpresses/Excel_GS4/GS4 7KHZ/2024_04_26__15_32_06_Xin4B7k.csv,0.0,562.121,256
1a,XIN2R,generalization_7k,研究1a/oringinaldata/leverpresses/Excel_GS4/GS4 7KHZ/2024_04_26__15_50_00_Xin2R7k.csv,0.0,556.6,264
1a,XIN2G,generalization_7k,研究1a/oringinaldata/leverpresses/Excel_GS4/GS4 7KHZ/2024_04_26__15_50_06_Xin2G7k.csv,0.0,556.605,142
1a,XIN2B,generalization_7k,研究1a/oringinaldata/leverpresses/Excel_GS4/GS4 7KHZ/2024_04_26__16_06_00_Xin2B7k.csv,0.0,557.37,100
1a,XIN3R,generalization_7k,研究1a/oringinaldata/leverpresses/Excel_GS4/GS4 7KHZ/2024_04_26__16_06_06_Xin3R7k.csv,0.0,557.355,130
1a,XIN3G,generalization_7k,研究1a/oringinaldata/leverpresses/Excel_GS4/GS4 7KHZ/2024_04_26__16_20_00_Xin3G7k.csv,0.0,564.96,364
1a,XIN3B,generalization_7k,研究1a/oringinaldata/leverpresses/Excel_GS4/GS4 7KHZ/2024_04_26__16_20_06_Xin3B7k.csv,0.0,564.965,178
1a,XIN1R,contextual_test,研究1a/oringinaldata/leverpresses/Excel_GS4/GS4 contextual/2024_04_25__14_46_00_Xin1R.csv,0.0,209.685,20
1a,XIN1G,contextual_test,研究1a/oringinaldata/leverpresses/Excel_GS4/GS4 contextual/2024_04_25__14_46_06_Xin1G.csv,0.0,209.675,185
1a,XIN1B,contextual_test,研究1a/oringinaldata/leverpresses/Excel_GS4/GS4 contextual/2024_04_25__14_55_00_Xin1B.csv,0.0,196.69,71
1a,XIN4R,contextual_test,研究1a/oringinaldata/leverpresses/Excel_GS4/GS4 contextual/2024_04_25__14_55_06_Xin4R.csv,0.0,196.665,39
1a,XIN4G,contextual_test,研究1a/oringinaldata/leverpresses/Excel_GS4/GS4 contextual/2024_04_25__15_02_00_Xin4G.csv,0.0,197.095,102
1a,XIN4B,contextual_test,研究1a/oringinaldata/leverpresses/Excel_GS4/GS4 contextual/2024_04_25__15_02_06_Xin4B.csv,0.0,197.101,169
1a,XIN2R,contextual_test,研究1a/oringinaldata/leverpresses/Excel_GS4/GS4 contextual/2024_04_25__15_11_00_Xin2R.csv,0.0,194.7,78
1a,XIN2G,contextual_test,研究1a/oringinaldata/leverpresses/Excel_GS4/GS4 contextual/2024_04_25__15_11_06_Xin2G.csv,0.0,194.685,48
1a,XIN2B,contextual_test,研究1a/oringinaldata/leverpresses/Excel_GS4/GS4 contextual/2024_04_25__15_19_00_Xin2B.csv,0.0,197.885,42
1a,XIN3R,contextual_test,研究1a/oringinaldata/leverpresses/Excel_GS4/GS4 contextual/2024_04_25__15_19_06_Xin3R.csv,0.0,197.86,74
1a,XIN3G,contextual_test,研究1a/oringinaldata/leverpresses/Excel_GS4/GS4 contextual/2024_04_25__15_26_00_Xin3G.csv,0.0,197.776,128
1a,XIN3B,contextual_test,研究1a/oringinaldata/leverpresses/Excel_GS4/GS4 contextual/2024_04_25__15_26_06_Xin3B.csv,0.0,197.805,52
1a,XIN1R,cue_test,研究1a/oringinaldata/leverpresses/Excel_GS4/GS4 cue/2024_04_25__15_44_00_Xin1R.csv,0.0,570.435,36
1a,XIN1B,cue_test,研究1a/oringinaldata/leverpresses/Excel_GS4/GS4 cue/2024_04_25__16_03_00_Xin1B.csv,0.0,555.285,30
1a,XIN4R,cue_test,研究1a/oringinaldata/leverpresses/Excel_GS4/GS4 cue/2024_04_25__16_03_06_Xin4R.csv,0.0,555.22,76
1a,XIN4G,cue_test,研究1a/oringinaldata/leverpresses/Excel_GS4/GS4 cue/2024_04_25__16_19_00_Xin4G.csv,0.0,557.875,72
1a,XIN4B,cue_test,研究1a/oringinaldata/leverpresses/Excel_GS4/GS4 cue/2024_04_25__16_19_06_Xin4B.csv,0.0,557.845,230
1a,XIN2R,cue_test,研究1a/oringinaldata/leverpresses/Excel_GS4/GS4 cue/2024_04_25__16_39_00_Xin2R.csv,0.0,561.45,208
1a,XIN2G,cue_test,研究1a/oringinaldata/leverpresses/Excel_GS4/GS4 cue/2024_04_25__16_39_06_Xin2G.csv,0.0,561.425,102
1a,XIN2B,cue_test,研究1a/oringinaldata/leverpresses/Excel_GS4/GS4 cue/2024_04_25__16_53_00_Xin2B.csv,0.0,555.92,209
1a,XIN3R,cue_test,研究1a/oringinaldata/leverpresses/Excel_GS4/GS4 cue/2024_04_25__16_53_06_Xin3R.csv,0.0,555.885,106
1a,XIN3G,cue_test,研究1a/oringinaldata/leverpresses/Excel_GS4/GS4 cue/2024_04_25__17_07_00_Xin3G.csv,0.0,559.985,374
1a,XIN3B,cue_test,研究1a/oringinaldata/leverpresses/Excel_GS4/GS4 cue/2024_04_25__17_07_06_Xin3B.csv,0.0,560.005,151
1a,XIN1R,retest_cue,研究1a/oringinaldata/leverpresses/Excel_GS4/GS4 retest/2024_04_28__14_48_00_XinR.csv,0.0,569.671,34
1a,XIN1G,retest_cue,研究1a/oringinaldata/leverpresses/Excel_GS4/GS4 retest/2024_04_28__14_48_06_Xin1G.csv,0.0,569.66,185
1a,XIN1B,retest_cue,研究1a/oringinaldata/leverpresses/Excel_GS4/GS4 retest/2024_04_28__15_05_00_Xin1B.csv,0.0,560.835,76
1a,XIN4R,retest_cue,研究1a/oringinaldata/leverpresses/Excel_GS4/GS4 retest/2024_04_28__15_05_06_Xin4R.csv,0.0,560.825,52
1a,XIN4G,retest_cue,研究1a/oringinaldata/leverpresses/Excel_GS4/GS4 retest/2024_04_28__15_20_00_Xin4G.csv,0.0,555.315,252
1a,XIN4B,retest_cue,研究1a/oringinaldata/leverpresses/Excel_GS4/GS4 retest/2024_04_28__15_20_06_Xin4B.csv,0.0,555.325,190
1a,XIN2R,retest_cue,研究1a/oringinaldata/leverpresses/Excel_GS4/GS4 retest/2024_04_28__15_33_00_Xin2R.csv,0.0,554.41,294
1a,XIN2G,retest_cue,研究1a/oringinaldata/leverpresses/Excel_GS4/GS4 retest/2024_04_28__15_33_06_Xini2G.csv,0.0,554.41,194
1a,XIN2B,retest_cue,研究1a/oringinaldata/leverpresses/Excel_GS4/GS4 retest/2024_04_28__15_49_00_Xin2B.csv,0.0,556.015,252
1a,XIN3R,retest_cue,研究1a/oringinaldata/leverpresses/Excel_GS4/GS4 retest/2024_04_28__15_49_06_Xin3R.csv,0.0,556.0,172
1a,XIN3G,retest_cue,研究1a/oringinaldata/leverpresses/Excel_GS4/GS4 retest/2024_04_28__16_02_00_Xin3G.csv,0.0,601.315,360
1a,XIN3B,retest_cue,研究1a/oringinaldata/leverpresses/Excel_GS4/GS4 retest/2024_04_28__16_02_06_Xin3B.csv,0.0,601.3,280
1a,XIN1R,learning,研究1a/oringinaldata/leverpresses/Excel_GS4/GS4_learn/2024_04_24__14_19_00_Xin1Rlearn.csv,0.0,1162.79,444
1a,XIN1G,learning,研究1a/oringinaldata/leverpresses/Excel_GS4/GS4_learn/2024_04_24__14_19_06_Xin1Glearn.csv,0.0,1162.79,338
1a,XIN1B,learning,研究1a/oringinaldata/leverpresses/Excel_GS4/GS4_learn/2024_04_24__14_45_00_Xin1Blearn.csv,0.0,1169.42,260
1a,XIN4R,learning,研究1a/oringinaldata/leverpresses/Excel_GS4/GS4_learn/2024_04_24__14_45_06_Xin4Rlearn.csv,0.0,1169.4,376
1a,XIN4G,learning,研究1a/oringinaldata/leverpresses/Excel_GS4/GS4_learn/2024_04_24__15_11_00_Xin4Glearn.csv,0.0,1170.84,602
1a,XIN4B,learning,研究1a/oringinaldata/leverpresses/Excel_GS4/GS4_learn/2024_04_24__15_11_06_Xin4Blearn.csv,0.0,1170.825,616
1a,XIN2R,learning,研究1a/oringinaldata/leverpresses/Excel_GS4/GS4_learn/2024_04_24__15_37_00_Xin2Rcontrol.csv,0.0,1162.465,518
1a,XIN2G,learning,研究1a/oringinaldata/leverpresses/Excel_GS4/GS4_learn/2024_04_24__15_37_06_Xin2Gcontrol.csv,0.0,1162.445,482
1a,XIN2B,learning,研究1a/oringinaldata/leverpresses/Excel_GS4/GS4_learn/2024_04_24__16_02_00_Xin2Bcontrol.csv,0.0,1163.84,370
1a,XIN3R,learning,研究1a/oringinaldata/leverpresses/Excel_GS4/GS4_learn/2024_04_24__16_02_06_Xin3Rcontrol.csv,0.0,1163.845,356
1a,XIN3G,learning,研究1a/oringinaldata/leverpresses/Excel_GS4/GS4_learn/2024_04_24__16_27_00_Xin3Gcontrol.csv,0.0,1398.75,659
1a,XIN3B,learning,研究1a/oringinaldata/leverpresses/Excel_GS4/GS4_learn/2024_04_24__16_27_06_Xin3Bcontrol.csv,0.0,1398.78,486
1b,XIN1R,pretest_contextual,研究1b/oringinaldata/lever presses/前测/情境恐惧测试/Excel_GS4/2024_04_25__14_46_00_Xin1R.csv,0.0,209.685,20
1b,XIN1G,pretest_contextual,研究1b/oringinaldata/lever presses/前测/情境恐惧测试/Excel_GS4/2024_04_25__14_46_06_Xin1G.csv,0.0,209.675,185
1b,XIN1B,pretest_contextual,研究1b/oringinaldata/lever presses/前测/情境恐惧测试/Excel_GS4/2024_04_25__14_55_00_Xin1B.csv,0.0,196.69,71
1b,XIN4R,pretest_contextual,研究1b/oringinaldata/lever presses/前测/情境恐惧测试/Excel_GS4/2024_04_25__14_55_06_Xin4R.csv,0.0,196.665,39
1b,XIN4G,pretest_contextual,研究1b/oringinaldata/lever presses/前测/情境恐惧测试/Excel_GS4/2024_04_25__15_02_00_Xin4G.csv,0.0,197.095,102
1b,XIN4B,pretest_contextual,研究1b/oringinaldata/lever presses/前测/情境恐惧测试/Excel_GS4/2024_04_25__15_02_06_Xin4B.csv,0.0,197.101,169
1b,XIN2R,pretest_contextual,研究1b/oringinaldata/lever presses/前测/情境恐惧测试/Excel_GS4/2024_04_25__15_11_00_Xin2R.csv,0.0,194.7,78
1b,XIN2G,pretest_contextual,研究1b/oringinaldata/lever presses/前测/情境恐惧测试/Excel_GS4/2024_04_25__15_11_06_Xin2G.csv,0.0,194.685,48
1b,XIN2B,pretest_contextual,研究1b/oringinaldata/lever presses/前测/情境恐惧测试/Excel_GS4/2024_04_25__15_19_00_Xin2B.csv,0.0,197.885,42
1b,XIN3R,pretest_contextual,研究1b/oringinaldata/lever presses/前测/情境恐惧测试/Excel_GS4/2024_04_25__15_19_06_Xin3R.csv,0.0,197.86,74
1b,XIN3G,pretest_contextual,研究1b/oringinaldata/lever presses/前测/情境恐惧测试/Excel_GS4/2024_04_25__15_26_00_Xin3G.csv,0.0,197.776,128
1b,XIN3B,pretest_contextual,研究1b/oringinaldata/lever presses/前测/情境恐惧测试/Excel_GS4/2024_04_25__15_26_06_Xin3B.csv,0.0,197.805,52
1b,XIN1R,pretest_cue,研究1b/oringinaldata/lever presses/前测/音调线索恐惧测试/Excel_GS4/2024_04_25__15_44_00_Xin1R.csv,0.0,570.435,36
1b,XIN1B,pretest_cue,研究1b/oringinaldata/lever presses/前测/音调线索恐惧测试/Excel_GS4/2024_04_25__16_03_00_Xin1B.csv,0.0,555.285,30
1b,XIN4R,pretest_cue,研究1b/oringinaldata/lever presses/前测/音调线索恐惧测试/Excel_GS4/2024_04_25__16_03_06_Xin4R.csv,0.0,555.22,76
1b,XIN4G,pretest_cue,研究1b/oringinaldata/lever presses/前测/音调线索恐惧测试/Excel_GS4/2024_04_25__16_19_00_Xin4G.csv,0.0,557.875,72
1b,XIN4B,pretest_cue,研究1b/oringinaldata/lever presses/前测/音调线索恐惧测试/Excel_GS4/2024_04_25__16_19_06_Xin4B.csv,0.0,557.845,230
1b,XIN2R,pretest_cue,研究1b/oringinaldata/lever presses/前测/音调线索恐惧测试/Excel_GS4/2024_04_25__16_39_00_Xin2R.csv,0.0,561.45,208
1b,XIN2G,pretest_cue,研究1b/oringinaldata/lever presses/前测/音调线索恐惧测试/Excel_GS4/2024_04_25__16_39_06_Xin2G.csv,0.0,561.425,102
1b,XIN2B,pretest_cue,研究1b/oringinaldata/lever presses/前测/音调线索恐惧测试/Excel_GS4/2024_04_25__16_53_00_Xin2B.csv,0.0,555.92,209
1b,XIN3R,pretest_cue,研究1b/oringinaldata/lever presses/前测/音调线索恐惧测试/Excel_GS4/2024_04_25__16_53_06_Xin3R.csv,0.0,555.885,106
1b,XIN3G,pretest_cue,研究1b/oringinaldata/lever presses/前测/音调线索恐惧测试/Excel_GS4/2024_04_25__17_07_00_Xin3G.csv,0.0,559.985,374
1b,XIN3B,pretest_cue,研究1b/oringinaldata/lever presses/前测/音调线索恐惧测试/Excel_GS4/2024_04_25__17_07_06_Xin3B.csv,0.0,560.005,151
1b,XIN1R,retest_contextual,研究1b/oringinaldata/lever presses/后测/情境恐惧测试/Excel_GS4/2024_09_21__14_24_00_XIN1R.csv,0.0,219.535,22
1b,XIN1G,retest_contextual,研究1b/oringinaldata/lever presses/后测/情境恐惧测试/Excel_GS4/2024_09_21__14_24_07_XIN1G.csv,0.0,219.51,108
1b,XIN1B,retest_contextual,研究1b/oringinaldata/lever presses/后测/情境恐惧测试/Excel_GS4/2024_09_21__14_35_00_XIN1B.csv,0.0,198.04,24
1b,XIN4R,retest_contextual,研究1b/oringinaldata/lever presses/后测/情境恐惧测试/Excel_GS4/2024_09_21__14_35_07_XIN4R.csv,0.0,198.005,20
1b,XIN4G,retest_contextual,研究1b/oringinaldata/lever presses/后测/情境恐惧测试/Excel_GS4/2024_09_21__14_43_00_XIN4G.csv,0.0,200.65,24
1b,XIN4B,retest_contextual,研究1b/oringinaldata/lever presses/后测/情境恐惧测试/Excel_GS4/2024_09_21__14_43_07_XIN4B.csv,0.0,200.605,71
1b,XIN2R,retest_contextual,研究1b/oringinaldata/lever presses/后测/情境恐惧测试/Excel_GS4/2024_09_21__14_51_00_XIN2R.csv,0.0,207.26,52
1b,XIN2G,retest_contextual,研究1b/oringinaldata/lever presses/后测/情境恐惧测试/Excel_GS4/2024_09_21__14_51_07_XIN2G.csv,0.0,207.225,36
1b,XIN2B,retest_contextual,研究1b/oringinaldata/lever presses/后测/情境恐惧测试/Excel_GS4/2024_09_21__14_58_00_XIN2B.csv,0.0,204.315,33
1b,XIN3R,retest_contextual,研究1b/oringinaldata/lever presses/后测/情境恐惧测试/Excel_GS4/2024_09_21__14_58_07_XIN3R.csv,0.0,204.315,56
1b,XIN3G,retest_contextual,研究1b/oringinaldata/lever presses/后测/情境恐惧测试/Excel_GS4/2024_09_21__15_04_00_XIN3G.csv,0.0,215.75,68
1b,XIN3B,retest_contextual,研究1b/oringinaldata/lever presses/后测/情境恐惧测试/Excel_GS4/2024_09_21__15_04_07_XIN3B.csv,0.0,215.721,26
1b,XIN1R,retest_cue,研究1b/oringinaldata/lever presses/后测/音调线索恐惧测试/Excel_GS4/2024_09_21__15_40_00_XIN1R.csv,0.0,580.509,22
1b,XIN1G,retest_cue,研究1b/oringinaldata/lever presses/后测/音调线索恐惧测试/Excel_GS4/2024_09_21__15_40_07_XIN1G.csv,0.0,580.481,144
1b,XIN1B,retest_cue,研究1b/oringinaldata/lever presses/后测/音调线索恐惧测试/Excel_GS4/2024_09_21__16_04_00_XIN1B.csv,0.0,561.32,34
1b,XIN4R,retest_cue,研究1b/oringinaldata/lever presses/后测/音调线索恐惧测试/Excel_GS4/2024_09_21__16_04_07_XIN4R.csv,0.0,561.285,84
1b,XIN4G,retest_cue,研究1b/oringinaldata/lever presses/后测/音调线索恐惧测试/Excel_GS4/2024_09_21__16_21_00_XIN4G.csv,0.0,555.62,124
1b,XIN4B,retest_cue,研究1b/oringinaldata/lever presses/后测/音调线索恐惧测试/Excel_GS4/2024_09_21__16_21_07_XIN4B.csv,0.0,555.551,194
1b,XIN2R,retest_cue,研究1b/oringinaldata/lever presses/后测/音调线索恐惧测试/Excel_GS4/2024_09_21__17_19_00_XIN2R.csv,0.0,553.56,314
1b,XIN2G,retest_cue,研究1b/oringinaldata/lever presses/后测/音调线索恐惧测试/Excel_GS4/2024_09_21__17_19_07_XIN2G.csv,0.0,553.53,306
1b,XIN2B,retest_cue,研究1b/oringinaldata/lever presses/后测/音调线索恐惧测试/Excel_GS4/2024_09_21__17_32_00_XIN2B.csv,0.0,557.24,48
1b,XIN3R,retest_cue,研究1b/oringinaldata/lever presses/后测/音调线索恐惧测试/Excel_GS4/2024_09_21__17_32_07_XIN3R.csv,0.0,557.22,176
1b,XIN3G,retest_cue,研究1b/oringinaldata/lever presses/后测/音调线索恐惧测试/Excel_GS4/2024_09_21__17_45_00_XIN3G.csv,0.0,553.84,202
1b,XIN3B,retest_cue,研究1b/oringinaldata/lever presses/后测/音调线索恐惧测试/Excel_GS4/2024_09_21__17_45_07_XIN3B.csv,0.0,553.81,192
1b,XIN4G,retest_cue,研究1b/oringinaldata/lever presses/后测/音调线索恐惧测试/Excel_GS4/2024_09_21__18_00_00_XIN4Gs.csv,0.0,557.415,164
1b,XIN4B,retest_cue,研究1b/oringinaldata/lever presses/后测/音调线索恐惧测试/Excel_GS4/2024_09_21__18_00_07_XIN4Bs.csv,0.0,557.421,86
1b,XIN1R,retest_lever_baseline,研究1b/oringinaldata/lever presses/后测实验前杠杆能力测试/Excel_GS4/2024_09_20__15_09_02_XIN1R.csv,0.0,3600.0,698
1b,XIN1G,retest_lever_baseline,研究1b/oringinaldata/lever presses/后测实验前杠杆能力测试/Excel_GS4/2024_09_20__15_09_03_XIN1G.csv,0.0,3600.001,1354
1b,XIN1B,retest_lever_baseline,研究1b/oringinaldata/lever presses/后测实验前杠杆能力测试/Excel_GS4/2024_09_20__15_09_04_XIN1B.csv,0.0,3600.0,1684
1b,XIN4R,retest_lever_baseline,研究1b/oringinaldata/lever presses/后测实验前杠杆能力测试/Excel_GS4/2024_09_20__15_09_05_XIN4R.csv,0.0,3600.0,934
1b,XIN4G,retest_lever_baseline,研究1b/oringinaldata/lever presses/后测实验前杠杆能力测试/Excel_GS4/2024_09_20__16_21_02_XIN4G.csv,0.0,3600.0,1695
1b,XIN4B,retest_lever_baseline,研究1b/oringinaldata/lever presses/后测实验前杠杆能力测试/Excel_GS4/2024_09_20__16_21_03_XIN4B.csv,0.0,3600.0,1845
1b,XIN2R,retest_lever_baseline,研究1b/oringinaldata/lever presses/后测实验前杠杆能力测试/Excel_GS4/2024_09_20__16_21_04_XIN2R.csv,0.0,3600.0,1804
1b,XIN2G,retest_lever_baseline,研究1b/oringinaldata/lever presses/后测实验前杠杆能力测试/Excel_GS4/2024_09_20__16_21_05_XIN2G.csv,0.0,3600.0,1105
1b,XIN2B,retest_lever_baseline,研究1b/oringinaldata/lever presses/后测实验前杠杆能力测试/Excel_GS4/2024_09_20__17_30_02_XIN2B.csv,0.0,3600.0,553
1b,XIN3R,retest_lever_baseline,研究1b/oringinaldata/lever presses/后测实验前杠杆能力测试/Excel_GS4/2024_09_20__17_30_03_XIN3R.csv,0.0,3600.0,1079
1b,XIN3G,retest_lever_baseline,研究1b/oringinaldata/lever presses/后测实验前杠杆能力测试/Excel_GS4/2024_09_20__17_30_04_XIN3G.csv,0.0,3600.0,2329
1b,XIN3B,retest_lever_baseline,研究1b/oringinaldata/lever presses/后测实验前杠杆能力测试/Excel_GS4/2024_09_20__17_30_05_XIN3B.csv,0.0,3600.0,1288
2,EXT1R,lever_training,研究2/orginal data/lever presses/1杠杆训练阶段/day1/Excel_GS4/2024_12_26__14_32_06_EXT1R.csv,0.0,1200.0,2759
2,EXT1G,lever_training,研究2/orginal data/lever presses/1杠杆训练阶段/day1/Excel_GS4/2024_12_26__14_39_07_EXT1G.csv,0.0,1200.0,2659
2,EXT1B,lever_training,研究2/orginal data/lever presses/1杠杆训练阶段/day1/Excel_GS4/2024_12_26__15_09_06_EXT1B.csv,0.0,1200.0,2981
2,NOEXT1R,lever_training,研究2/orginal data/lever presses/1杠杆训练阶段/day1/Excel_GS4/2024_12_26__16_44_07_NO EXT1R.csv,0.0,1200.001,2288
2,NOEXT1G,lever_training,研究2/orginal data/lever presses/1杠杆训练阶段/day1/Excel_GS4/2024_12_26__17_18_06_NO EXT1G.csv,0.0,1200.0,2896
2,NOEXT1B,lever_training,研究2/orginal data/lever presses/1杠杆训练阶段/day1/Excel_GS4/2024_12_26__17_18_07_NO EXT1B.csv,0.0,1200.0,1863
2,EXT2R,lever_training,研究2/orginal data/lever presses/1杠杆训练阶段/day1/Excel_GS4/2025_01_01__15_14_06_EXT2R.csv,0.0,1200.004,2872
2,EXT2G,lever_training,研究2/orginal data/lever presses/1杠杆训练阶段/day1/Excel_GS4/2025_01_01__15_14_07_EXT2G.csv,0.0,1200.005,2567
2,EXT2B,lever_training,研究2/orginal data/lever presses/1杠杆训练阶段/day1/Excel_GS4/2025_01_01__15_40_06_EXT2B.csv,0.0,1200.0,2995
2,NOEXT2G,lever_training,研究2/orginal data/lever presses/1杠杆训练阶段/day1/Excel_GS4/2025_01_01__15_40_07_NO EXT2G.csv,0.0,1200.0,1931
2,NOEXT2B,lever_training,研究2/orginal data/lever presses/1杠杆训练阶段/day1/Excel_GS4/2025_01_01__16_05_06_NO EXT2B.csv,0.0,1200.0,2807
2,EXT3R,lever_training,研究2/orginal data/lever presses/1杠杆训练阶段/day1/Excel_GS4/2025_01_01__16_05_07_EXT3R.csv,0.0,1200.0,2955
2,EXT3G,lever_training,研究2/orginal data/lever presses/1杠杆训练阶段/day1/Excel_GS4/2025_01_01__16_32_06_EXT3G.csv,0.0,1200.0,3368
2,EXT3B,lever_training,研究2/orginal data/lever presses/1杠杆训练阶段/day1/Excel_GS4/2025_01_01__16_32_07_EXT3B.csv,0.0,1200.0,2921
2,NOEXT3R,lever_training,研究2/orginal data/lever presses/1杠杆训练阶段/day1/Excel_GS4/2025_01_01__17_00_06_NO EXT3R.csv,0.0,1200.0,2941
2,NOEXT3G,lever_training,研究2/orginal data/lever presses/1杠杆训练阶段/day1/Excel_GS4/2025_01_01__17_00_07_NO EXT3G.csv,0.0,1200.0,2886
2,NOEXT3B,lever_training,研究2/orginal data/lever presses/1杠杆训练阶段/day1/Excel_GS4/2025_01_01__17_25_06_NO EXT3B.csv,0.0,1200.0,2823
2,EXT1R,lever_training,研究2/orginal data/lever presses/1杠杆训练阶段/day2/Excel_GS4/2024_12_27__14_46_06_EXT1R.csv,0.0,1200.0,2844
2,EXT1G,lever_training,研究2/orginal data/lever presses/1杠杆训练阶段/day2/Excel_GS4/2024_12_27__14_46_07_EXT1G.csv,0.0,1200.0,2473
2,EXT1B,lever_training,研究2/orginal data/lever presses/1杠杆训练阶段/day2/Excel_GS4/2024_12_27__15_15_06_EXT1B.csv,0.0,1200.0,3407
2,NOEXT1R,lever_training,研究2/orginal data/lever presses/1杠杆训练阶段/day2/Excel_GS4/2024_12_27__16_36_07_NO EXT1R.csv,0.0,1200.0,2528
2,NOEXT1G,lever_training,研究2/orginal data/lever presses/1杠杆训练阶段/day2/Excel_GS4/2024_12_27__17_03_06_NO EXT1G.csv,0.0,1200.0,2695
2,NOEXT1B,lever_training,研究2/orginal data/lever presses/1杠杆训练阶段/day2/Excel_GS4/2024_12_27__17_03_07_NO EXT1B.csv,0.0,1200.0,2097
2,EXT2R,lever_training,研究2/orginal data/lever presses/1杠杆训练阶段/day2/Excel_GS4/2025_01_02__15_21_06_EXT2R.csv,0.0,1200.001,3396
2,EXT2G,lever_training,研究2/orginal data/lever presses/1杠杆训练阶段/day2/Excel_GS4/2025_01_02__15_21_07_EXT2G.csv,0.0,1200.0,2914
2,EXT2B,lever_training,研究2/orginal data/lever presses/1杠杆训练阶段/day2/Excel_GS4/2025_01_02__15_48_06_EXT2B.csv,0.0,1200.0,2924
2,NOEXT2G,lever_training,研究2/orginal data/lever presses/1杠杆训练阶段/day2/Excel_GS4/2025_01_02__15_48_07_NO EXT2G.csv,0.0,1200.0,2267
2,NOEXT2B,lever_training,研究2/orginal data/lever presses/1杠杆训练阶段/day2/Excel_GS4/2025_01_02__16_16_06_NO EXT2B.csv,0.0,1200.0,2843
2,EXT3R,lever_training,研究2/orginal data/lever presses/1杠杆训练阶段/day2/Excel_GS4/2025_01_02__16_16_07_EXT3R.csv,0.0,1200.0,3167
2,EXT3G,lever_training,研究2/orginal data/lever presses/1杠杆训练阶段/day2/Excel_GS4/2025_01_02__16_44_06_EXT3G.csv,0.0,1200.0,3469
2,EXT3B,lever_training,研究2/orginal data/lever presses/1杠杆训练阶段/day2/Excel_GS4/2025_01_02__16_44_07_EXT3B.csv,0.0,1200.0,3625
2,NOEXT3R,lever_training,研究2/orginal data/lever presses/1杠杆训练阶段/day2/Excel_GS4/2025_01_02__17_13_06_NO EXT3R.csv,0.0,1200.0,3339
2,NOEXT3G,lever_training,研究2/orginal data/lever presses/1杠杆训练阶段/day2/Excel_GS4/2025_01_02__17_13_07_NO EXT3G.csv,0.0,1200.0,3131
2,NOEXT3B,lever_training,研究2/orginal data/lever presses/1杠杆训练阶段/day2/Excel_GS4/2025_01_02__17_38_06_NO EXT3B.csv,0.0,1200.0,3130
2,EXT1R,lever_training,研究2/orginal data/lever presses/1杠杆训练阶段/day3/Excel_GS4/2024_12_28__14_20_06_EXT1R.csv,0.0,2400.0,2025
2,EXT1G,lever_training,研究2/orginal data/lever presses/1杠杆训练阶段/day3/Excel_GS4/2024_12_28__14_20_07_EXT1G.csv,0.0,2400.0,1153
2,EXT1B,lever_training,研究2/orginal data/lever presses/1杠杆训练阶段/day3/Excel_GS4/2024_12_28__15_06_06_EXT1B.csv,0.0,2400.0,985
2,NOEXT1R,lever_training,研究2/orginal data/lever presses/1杠杆训练阶段/day3/Excel_GS4/2024_12_28__15_06_07_NO EXT1R.csv,0.0,2400.0,1761
2,NOEXT1G,lever_training,研究2/orginal data/lever presses/1杠杆训练阶段/day3/Excel_GS4/2024_12_28__15_54_06_NO EXY1G.csv,0.0,2400.0,1873
2,NOEXT1B,lever_training,研究2/orginal data/lever presses/1杠杆训练阶段/day3/Excel_GS4/2024_12_28__15_54_07_NO EXT1B.csv,0.0,2400.0,815
2,EXT2R,lever_training,研究2/orginal data/lever presses/1杠杆训练阶段/day3/Excel_GS4/2025_01_04__13_49_06_EXT2R.csv,0.0,2400.0,2024
2,EXT2G,lever_training,研究2/orginal data/lever presses/1杠杆训练阶段/day3/Excel_GS4/2025_01_04__13_49_07_EXT2G.csv,0.0,2400.0,862
2,EXT2B,lever_training,研究2/orginal data/lever presses/1杠杆训练阶段/day3/Excel_GS4/2025_01_04__14_35_06_EXT2B.csv,0.0,2400.0,1373
2,NOEXT2G,lever_training,研究2/orginal data/lever presses/1杠杆训练阶段/day3/Excel_GS4/2025_01_04__14_35_07_NO EXT2Gs.csv,0.0,2400.0,665
2,NOEXT2B,lever_training,研究2/orginal data/lever presses/1杠杆训练阶段/day3/Excel_GS4/2025_01_04__15_20_06_ NO EXT2B.csv,0.0,2400.0,1111
2,EXT3R,lever_training,研究2/orginal data/lever presses/1杠杆训练阶段/day3/Excel_GS4/2025_01_04__15_20_07_EXT3R.csv,0.0,2400.0,1105
2,EXT3G,lever_training,研究2/orginal data/lever presses/1杠杆训练阶段/day3/Excel_GS4/2025_01_04__16_05_06_EXT3G.csv,0.0,2400.0,1151
2,EXT3B,lever_training,研究2/orginal data/lever presses/1杠杆训练阶段/day3/Excel_GS4/2025_01_04__16_05_07_EXT3B.csv,0.0,2400.001,971
2,NOEXT3R,lever_training,研究2/orginal data/lever presses/1杠杆训练阶段/day3/Excel_GS4/2025_01_04__16_49_06_NO EXT3R.csv,0.0,2400.0,2536
2,NOEXT3G,lever_training,研究2/orginal data/lever presses/1杠杆训练阶段/day3/Excel_GS4/2025_01_04__16_49_07_NO EXT3G.csv,0.0,2400.001,866
2,NOEXT3B,lever_training,研究2/orginal data/lever presses/1杠杆训练阶段/day3/Excel_GS4/2025_01_04__17_31_06_NO EXT3B.csv,0.0,2400.0,1265
2,EXT1R,lever_training,研究2/orginal data/lever presses/1杠杆训练阶段/day4/Excel_GS4/2024_12_29__14_33_06_EXT1R.csv,0.0,2400.0,2086
2,EXT1G,lever_training,研究2/orginal data/lever presses/1杠杆训练阶段/day4/Excel_GS4/2024_12_29__14_33_07_EXT1G.csv,0.0,2400.0,667
2,EXT1B,lever_training,研究2/orginal data/lever presses/1杠杆训练阶段/day4/Excel_GS4/2024_12_29__15_22_06_EXT1B.csv,0.0,2400.0,1346
2,NOEXT1R,lever_training,研究2/orginal data/lever presses/1杠杆训练阶段/day4/Excel_GS4/2024_12_29__15_22_07_NO EXT1R.csv,0.0,2400.0,831
2,NOEXT1G,lever_training,研究2/orginal data/lever presses/1杠杆训练阶段/day4/Excel_GS4/2024_12_29__16_10_06_NO EXT1G.csv,0.0,2400.004,1689
2,NOEXT1B,lever_training,研究2/orginal data/lever presses/1杠杆训练阶段/day4/Excel_GS4/2024_12_29__16_10_07_NO EXT1B.csv,0.0,2400.0,972
2,EXT2R,lever_training,研究2/orginal data/lever presses/1杠杆训练阶段/day4/Excel_GS4/2025_01_05__13_49_06_EXT2R.csv,0.0,2400.0,2075
2,EXT2G,lever_training,研究2/orginal data/lever presses/1杠杆训练阶段/day4/Excel_GS4/2025_01_05__13_49_07_EXT2G.csv,0.0,2400.0,2122
2,EXT2B,lever_training,研究2/orginal data/lever presses/1杠杆训练阶段/day4/Excel_GS4/2025_01_05__14_35_06_EXT2B.csv,0.0,2400.0,1095
2,NOEXT2G,lever_training,研究2/orginal data/lever presses/1杠杆训练阶段/day4/Excel_GS4/2025_01_05__14_35_07_NO EXT2G.csv,0.0,2400.0,955
2,NOEXT2B,lever_training,研究2/orginal data/lever presses/1杠杆训练阶段/day4/Excel_GS4/2025_01_05__15_20_06_NO EXT2B.csv,0.0,2400.0,1125
2,EXT3R,lever_training,研究2/orginal data/lever presses/1杠杆训练阶段/day4/Excel_GS4/2025_01_05__15_20_07_EXT3R.csv,0.0,2400.0,1244
2,EXT3G,lever_training,研究2/orginal data/lever presses/1杠杆训练阶段/day4/Excel_GS4/2025_01_05__16_05_06_EXT3G.csv,0.0,2400.0,1466
2,EXT3B,lever_training,研究2/orginal data/lever presses/1杠杆训练阶段/day4/Excel_GS4/2025_01_05__16_05_07_EXT3B.csv,0.0,2400.0,1153
2,NOEXT3R,lever_training,研究2/orginal data/lever presses/1杠杆训练阶段/day4/Excel_GS4/2025_01_05__16_49_06_NO EXT3R.csv,0.0,2400.0,1292
2,NOEXT3G,lever_training,研究2/orginal data/lever presses/1杠杆训练阶段/day4/Excel_GS4/2025_01_05__16_49_07_NO EXT3G.csv,0.0,2400.0,1085
2,NOEXT3B,lever_training,研究2/orginal data/lever presses/1杠杆训练阶段/day4/Excel_GS4/2025_01_05__17_32_06_NO EXT3B.csv,0.0,2400.0,1649
2,EXT1R,learning,研究2/orginal data/lever presses/2恐惧学习/Excel_GS4/2024_12_30__14_48_06_EXT1R.csv,0.0,,654
2,EXT1G,learning,研究2/orginal data/lever presses/2恐惧学习/Excel_GS4/2024_12_30__14_48_07_EXT1G.csv,0.0,,194
2,EXT1B,learning,研究2/orginal data/lever presses/2恐惧学习/Excel_GS4/2024_12_30__15_15_06_EXT1B.csv,0.0,,390
2,NOEXT1R,learning,研究2/orginal data/lever presses/2恐惧学习/Excel_GS4/2024_12_30__15_15_07_NO EXT1R.csv,0.0,,224
2,NOEXT1G,learning,研究2/orginal data/lever presses/2恐惧学习/Excel_GS4/2024_12_30__15_41_06_NO EXT1G.csv,0.0,,402
2,NOEXT1B,learning,研究2/orginal data/lever presses/2恐惧学习/Excel_GS4/2024_12_30__15_41_07_NO EXT1B.csv,0.0,,470
2,EXT2R,learning,研究2/orginal data/lever presses/2恐惧学习/Excel_GS4/2025_01_06__14_14_06_EXT2R.csv,0.0,,614
2,EXT2G,learning,研究2/orginal data/lever presses/2恐惧学习/Excel_GS4/2025_01_06__14_14_07_EXT2G.csv,0.0,,540
2,EXT2B,learning,研究2/orginal data/lever presses/2恐惧学习/Excel_GS4/2025_01_06__14_42_06_EXT2B.csv,0.0,,426
2,NOEXT2G,learning,研究2/orginal data/lever presses/2恐惧学习/Excel_GS4/2025_01_06__14_42_07_NO EXT2G.csv,0.0,,388
2,NOEXT2B,learning,研究2/orginal data/lever presses/2恐惧学习/Excel_GS4/2025_01_06__15_09_06_NO EXT2B.csv,0.0,,330
2,EXT3R,learning,研究2/orginal data/lever presses/2恐惧学习/Excel_GS4/2025_01_06__15_09_07_EXT3R.csv,0.0,,274
2,EXT3G,learning,研究2/orginal data/lever presses/2恐惧学习/Excel_GS4/2025_01_06__15_35_06_EXT3G.csv,0.0,,500
2,EXT3B,learning,研究2/orginal data/lever presses/2恐惧学习/Excel_GS4/2025_01_06__15_35_07_EXT3B.csv,0.0,,434
2,NOEXT3R,learning,研究2/orginal data/lever presses/2恐惧学习/Excel_GS4/2025_01_06__16_00_06_NO EXT3R.csv,0.0,,322
2,NOEXT3G,learning,研究2/orginal data/lever presses/2恐惧学习/Excel_GS4/2025_01_06__16_00_07_NO EXT3G.csv,0.0,,252
2,NOEXT3B,learning,研究2/orginal data/lever presses/2恐惧学习/Excel_GS4/2025_01_06__16_24_06_NO EXT3B.csv,0.0,,546
2,EXT1R,retrieval,研究2/orginal data/lever presses/3初次消退/提取-消退/提取阶段/Excel_GS4/2024_12_31__14_28_06_EXT1R-ret.csv,0.0,378.38,25
2,EXT1G,retrieval,研究2/orginal data/lever presses/3初次消退/提取-消退/提取阶段/Excel_GS4/2024_12_31__14_28_07_EXT1G-ret.csv,0.0,378.406,42
2,EXT1B,retrieval,研究2/orginal data/lever presses/3初次消退/提取-消退/提取阶段/Excel_GS4/2024_12_31__15_26_06_EXT1B-ret.csv,0.0,390.15,18
2,NOEXT1R,retrieval,研究2/orginal data/lever presses/3初次消退/提取-消退/提取阶段/Excel_GS4/2024_12_31__16_20_07_NO EXT1R-retc.csv,0.0,378.81,32
2,NOEXT1G,retrieval,研究2/orginal data/lever presses/3初次消退/提取-消退/提取阶段/Excel_GS4/2024_12_31__17_17_06_NO EXT1G-retc.csv,0.0,395.515,84
2,NOEXT1B,retrieval,研究2/orginal data/lever presses/3初次消退/提取-消退/提取阶段/Excel_GS4/2024_12_31__17_17_07_NO EXT1B-retc.csv,0.0,395.51,18
2,EXT2R,retrieval,研究2/orginal data/lever presses/3初次消退/提取-消退/提取阶段/Excel_GS4/2025_01_07__13_01_06_EXT2R-ret.csv,0.0,375.93,106
2,EXT2G,retrieval,研究2/orginal data/lever presses/3初次消退/提取-消退/提取阶段/Excel_GS4/2025_01_07__13_01_07_EXT2G-ret.csv,0.0,375.915,20
2,NOEXT2B,retrieval,研究2/orginal data/lever presses/3初次消退/提取-消退/提取阶段/Excel_GS4/2025_01_07__13_48_06_NO EXT2B-ret.csv,0.0,368.24,30
2,NOEXT2G,retrieval,研究2/orginal data/lever presses/3初次消退/提取-消退/提取阶段/Excel_GS4/2025_01_07__13_48_07_NO EXT2G-ret.csv,0.0,368.24,18
2,EXT2B,retrieval,研究2/orginal data/lever presses/3初次消退/提取-消退/提取阶段/Excel_GS4/2025_01_07__16_07_06_EXT2B-ret.csv,0.0,370.355,26
2,EXT3R,retrieval,研究2/orginal data/lever presses/3初次消退/提取-消退/提取阶段/Excel_GS4/2025_01_07__16_07_07_EXT3R-ret.csv,0.0,370.355,20
2,NOEXT3R,retrieval,研究2/orginal data/lever presses/3初次消退/提取-消退/提取阶段/Excel_GS4/2025_01_07__16_53_06_NO EXT3R-ret.csv,0.0,367.07,136
2,NOEXT3G,retrieval,研究2/orginal data/lever presses/3初次消退/提取-消退/提取阶段/Excel_GS4/2025_01_07__16_53_07_NO EXT3G-ret.csv,0.0,367.075,18
2,EXT3G,retrieval,研究2/orginal data/lever presses/3初次消退/提取-消退/提取阶段/Excel_GS4/2025_01_07__19_13_06_EXT3G-ret.csv,0.0,372.13,80
2,EXT3B,retrieval,研究2/orginal data/lever presses/3初次消退/提取-消退/提取阶段/Excel_GS4/2025_01_07__19_13_07_EXT3B-ret.csv,0.0,372.131,66
2,NOEXT3B,retrieval,研究2/orginal data/lever presses/3初次消退/提取-消退/提取阶段/Excel_GS4/2025_01_07__20_00_06_NO EXT3B-ret.csv,0.0,367.955,22
2,NOEXT1R,extinction1,研究2/orginal data/lever presses/3初次消退/提取-消退/消退训练阶段/Excel_GS4/2025_01_03__19_17_06_NO EXT1R.csv,0.0,2002.775,542
2,NOEXT1G,extinction1,研究2/orginal data/lever presses/3初次消退/提取-消退/消退训练阶段/Excel_GS4/2025_01_03__19_17_07_NO EXT1G.csv,0.0,2002.75,190
2,NOEXT1B,extinction1,研究2/orginal data/lever presses/3初次消退/提取-消退/消退训练阶段/Excel_GS4/2025_01_03__20_05_06_NO EXT1B.csv,0.0,1995.935,220
2,EXT1R,extinction1,研究2/orginal data/lever presses/3初次消退/提取-消退/消退训练阶段/Excel_GS4/2025_01_03__20_44_06_EXT1R.csv,0.0,1993.71,156
2,EXT1G,extinction1,研究2/orginal data/lever presses/3初次消退/提取-消退/消退训练阶段/Excel_GS4/2025_01_03__20_44_07_EXT1G.csv,0.0,1993.71,24
2,EXT1B,extinction1,研究2/orginal data/lever presses/3初次消退/提取-消退/消退训练阶段/Excel_GS4/2025_01_03__21_22_06_EXT1B.csv,0.0,1989.28,488
2,EXT2R,extinction1,研究2/orginal data/lever presses/3初次消退/提取-消退/消退训练阶段/Excel_GS4/2025_01_07__14_00_06_EXT2R-ext.csv,0.0,3442.455,92
2,EXT2G,extinction1,研究2/orginal data/lever presses/3初次消退/提取-消退/消退训练阶段/Excel_GS4/2025_01_07__14_00_07_EXT2G-ext.csv,0.0,3442.425,494
2,NOEXT2B,extinction1,研究2/orginal data/lever presses/3初次消退/提取-消退/消退训练阶段/Excel_GS4/2025_01_07__15_03_06_NO EXT2B-ext.csv,0.0,3430.74,202
2,NOEXT2G,extinction1,研究2/orginal data/lever presses/3初次消退/提取-消退/消退训练阶段/Excel_GS4/2025_01_07__15_03_07_NO EXT2G-ext.csv,0.0,3430.735,196
2,EXT2B,extinction1,研究2/orginal data/lever presses/3初次消退/提取-消退/消退训练阶段/Excel_GS4/2025_01_07__17_06_06_EXT2B-ext.csv,0.0,3432.7,32
2,EXT3R,extinction1,研究2/orginal data/lever presses/3初次消退/提取-消退/消退训练阶段/Excel_GS4/2025_01_07__17_06_07_EXT3R-ext.csv,0.0,3432.7,18
2,NOEXT3R,extinction1,研究2/orginal data/lever presses/3初次消退/提取-消退/消退训练阶段/Excel_GS4/2025_01_07__18_11_06_NO EXT3R-ext.csv,0.0,3440.115,1738
2,NOEXT3G,extinction1,研究2/orginal data/lever presses/3初次消退/提取-消退/消退训练阶段/Excel_GS4/2025_01_07__18_11_07_NO EXT3G-ext.csv,0.0,3440.115,178
2,EXT3G,extinction1,研究2/orginal data/lever presses/3初次消退/提取-消退/消退训练阶段/Excel_GS4/2025_01_07__20_10_06_EXT3G-ext.csv,0.0,3450.405,138
2,EXT3B,extinction1,研究2/orginal data/lever presses/3初次消退/提取-消退/消退训练阶段/Excel_GS4/2025_01_07__20_10_07_EXT3B-ext.csv,0.0,3450.405,596
2,NOEXT3B,extinction1,研究2/orginal data/lever presses/3初次消退/提取-消退/消退训练阶段/Excel_GS4/2025_01_07__21_13_06_NO EXT3B-ext.csv,0.0,3425.85,1696
2,EXT1B,renewal,研究2/orginal data/lever presses/5renewal（续新测试）/Excel_GS4/2025_01_02__14_26_06_EXT1B renewal.csv,0.0,546.2,114
2,NOEXT1R,renewal,研究2/orginal data/lever presses/5renewal（续新测试）/Excel_GS4/2025_01_02__14_26_07_NO EXT1R renewal.csv,0.0,546.221,80
2,EXT1R,renewal,研究2/orginal data/lever presses/5renewal（续新测试）/Excel_GS4/2025_01_02__14_42_06_EXT1Rs renewal.csv,0.0,548.285,212
2,EXT1G,renewal,研究2/orginal data/lever presses/5renewal（续新测试）/Excel_GS4/2025_01_02__14_42_07_EXT1Gs renewal.csv,0.0,548.28,64
2,NOEXT1G,renewal,研究2/orginal data/lever presses/5renewal（续新测试）/Excel_GS4/2025_01_02__14_56_06_NO EXT1Grenewal.csv,0.0,552.185,98
2,NOEXT1B,renewal,研究2/orginal data/lever presses/5renewal（续新测试）/Excel_GS4/2025_01_02__14_56_07_NO EXT1Brenewal.csv,0.0,552.185,20
2,EXT2R,renewal,研究2/orginal data/lever presses/5renewal（续新测试）/Excel_GS4/2025_01_09__14_57_06_EXT2R.csv,0.0,728.16,154
2,EXT2G,renewal,研究2/orginal data/lever presses/5renewal（续新测试）/Excel_GS4/2025_01_09__14_57_07_EXT2G.csv,0.0,728.161,94
2,NOEXT2B,renewal,研究2/orginal data/lever presses/5renewal（续新测试）/Excel_GS4/2025_01_09__15_14_06_NO EXT2B.csv,0.0,732.12,54
2,NOEXT2G,renewal,研究2/orginal data/lever presses/5renewal（续新测试）/Excel_GS4/2025_01_09__15_14_07_NO EXT2G.csv,0.0,732.105,18
2,EXT2B,renewal,研究2/orginal data/lever presses/5renewal（续新测试）/Excel_GS4/2025_01_09__15_31_06_EXT2B.csv,0.0,730.18,18
2,EXT3R,renewal,研究2/orginal data/lever presses/5renewal（续新测试）/Excel_GS4/2025_01_09__15_31_07_EXT3R.csv,0.0,730.15,18
2,NOEXT3R,renewal,研究2/orginal data/lever presses/5renewal（续新测试）/Excel_GS4/2025_01_09__15_48_06_NO EXT3R.csv,0.0,732.08,84
2,NOEXT3G,renewal,研究2/orginal data/lever presses/5renewal（续新测试）/Excel_GS4/2025_01_09__15_48_07_NO EXT3G.csv,0.0,732.07,18
2,EXT3G,renewal,研究2/orginal data/lever presses/5renewal（续新测试）/Excel_GS4/2025_01_09__16_04_06_EXT3G.csv,0.0,729.115,160
2,EXT3B,renewal,研究2/orginal data/lever presses/5renewal（续新测试）/Excel_GS4/2025_01_09__16_04_07_EXT3B.csv,0.0,729.1,154
2,NOEXT3B,renewal,研究2/orginal data/lever presses/5renewal（续新测试）/Excel_GS4/2025_01_09__16_20_06_NO EXT3B.csv,0.0,729.945,18
2,NOEXT1R,extinction2,研究2/orginal data/lever presses/6再次消退/day1/Excel_GS4/2025_01_03__19_17_06_NO EXT1R.csv,0.0,2002.775,542
2,NOEXT1G,extinction2,研究2/orginal data/lever presses/6再次消退/day1/Excel_GS4/2025_01_03__19_17_07_NO EXT1G.csv,0.0,2002.75,190
2,NOEXT1B,extinction2,研究2/orginal data/lever presses/6再次消退/day1/Excel_GS4/2025_01_03__20_05_06_NO EXT1B.csv,0.0,1995.935,220
2,EXT1R,extinction2,研究2/orginal data/lever presses/6再次消退/day1/Excel_GS4/2025_01_03__20_44_06_EXT1R.csv,0.0,1993.71,156
2,EXT1G,extinction2,研究2/orginal data/lever presses/6再次消退/day1/Excel_GS4/2025_01_03__20_44_07_EXT1G.csv,0.0,1993.71,24
2,EXT1B,extinction2,研究2/orginal data/lever presses/6再次消退/day1/Excel_GS4/2025_01_03__21_22_06_EXT1B.csv,0.0,1989.28,488
2,NOEXT2G,extinction2,研究2/orginal data/lever presses/6再次消退/day1/Excel_GS4/2025_01_10__14_19_06_NO EX2G.csv,0.0,2213.245,753
2,NOEXT2B,extinction2,研究2/orginal data/lever presses/6再次消退/day1/Excel_GS4/2025_01_10__14_19_07_NO EXT2B.csv,0.0,2213.24,274
2,NOEXT3R,extinction2,研究2/orginal data/lever presses/6再次消退/day1/Excel_GS4/2025_01_10__15_02_06_NO EXT3R.csv,0.0,1991.24,750
2,NOEXT3G,extinction2,研究2/orginal data/lever presses/6再次消退/day1/Excel_GS4/2025_01_10__15_02_07_NO EXT3G.csv,0.0,1991.22,28
2,NOEXT3B,extinction2,研究2/orginal data/lever presses/6再次消退/day1/Excel_GS4/2025_01_10__15_39_06_NO EXT3B.csv,0.0,1989.545,724
2,EXT3R,extinction2,研究2/orginal data/lever presses/6再次消退/day1/Excel_GS4/2025_01_10__16_18_06_EXT3R.csv,0.0,2007.235,580
2,EXT3G,extinction2,研究2/orginal data/lever presses/6再次消退/day1/Excel_GS4/2025_01_10__16_18_07_EXT3G.csv,0.0,2007.225,568
2,EXT2B,extinction2,研究2/orginal data/lever presses/6再次消退/day1/Excel_GS4/2025_01_10__16_56_06_EXT2B.csv,0.0,1998.02,30
2,EXT3R,extinction2,研究2/orginal data/lever presses/6再次消退/day1/Excel_GS4/2025_01_10__16_56_07_EXT3R.csv,0.0,1997.995,24
2,EXT3G,extinction2,研究2/orginal data/lever presses/6再次消退/day1/Excel_GS4/2025_01_10__17_33_06_EXT3G.csv,0.0,1991.766,530
2,EXT3B,extinction2,研究2/orginal data/lever presses/6再次消退/day1/Excel_GS4/2025_01_10__17_33_07_EXT3B.csv,0.0,1991.745,382
2,NOEXT1R,extinction3,研究2/orginal data/lever presses/6再次消退/day2/Excel_GS4/2025_01_04__19_11_06_NO EXT1R.csv,0.0,1999.09,442
2,NOEXT1G,extinction3,研究2/orginal data/lever presses/6再次消退/day2/Excel_GS4/2025_01_04__19_11_07_NO EXT1G.csv,0.0,1999.12,120
2,NOEXT1B,extinction3,研究2/orginal data/lever presses/6再次消退/day2/Excel_GS4/2025_01_04__19_55_06_NO EXT1B.csv,0.0,2005.52,546
2,EXT1R,extinction3,研究2/orginal data/lever presses/6再次消退/day2/Excel_GS4/2025_01_04__20_33_06_EXT1R.csv,0.0,2018.58,76
2,EXT1G,extinction3,研究2/orginal data/lever presses/6再次消退/day2/Excel_GS4/2025_01_04__20_33_07_EXT1G.csv,0.0,2018.585,22
2,EXT1B,extinction3,研究2/orginal data/lever presses/6再次消退/day2/Excel_GS4/2025_01_04__21_12_06_EXT1B.csv,0.0,1994.535,616
2,NOEXT2B,extinction3,研究2/orginal data/lever presses/6再次消退/day2/Excel_GS4/2025_01_11__14_36_06_NO EXT2B.csv,0.0,2014.435,418
2,NOEXT2G,extinction3,研究2/orginal data/lever presses/6再次消退/day2/Excel_GS4/2025_01_11__14_36_07_NO EXT2G.csv,0.0,2014.47,336
2,NOEXT3R,extinction3,研究2/orginal data/lever presses/6再次消退/day2/Excel_GS4/2025_01_11__15_15_06_NO EXT3R.csv,0.0,2005.04,1004
2,NOEXT3G,extinction3,研究2/orginal data/lever presses/6再次消退/day2/Excel_GS4/2025_01_11__15_15_07_NO EXT3G.csv,0.0,2005.05,194
2,NOEXT3B,extinction3,研究2/orginal data/lever presses/6再次消退/day2/Excel_GS4/2025_01_11__15_53_06_NO EXT3B.csv,0.0,1995.5,1030
2,EXT2R,extinction3,研究2/orginal data/lever presses/6再次消退/day2/Excel_GS4/2025_01_11__16_33_06_EXT2R.csv,0.0,2000.255,912
2,EXT2G,extinction3,研究2/orginal data/lever presses/6再次消退/day2/Excel_GS4/2025_01_11__16_33_07_EXT2G.csv,0.0,2000.27,1032
2,EXT2B,extinction3,研究2/orginal data/lever presses/6再次消退/day2/Excel_GS4/2025_01_11__17_15_06_EXT2B.csv,0.0,1993.79,26
2,EXT3R,extinction3,研究2/orginal data/lever presses/6再次消退/day2/Excel_GS4/2025_01_11__17_15_07_EXT3R.csv,0.0,1993.795,46
2,EXT3G,extinction3,研究2/orginal data/lever presses/6再次消退/day2/Excel_GS4/2025_01_11__17_55_06_EXT3G.csv,0.0,1994.915,814
2,EXT3B,extinction3,研究2/orginal data/lever presses/6再次消退/day2/Excel_GS4/2025_01_11__17_55_07_EXT3B.csv,0.0,1994.935,750
2,NOEXT1R,extinction4,研究2/orginal data/lever presses/6再次消退/day3/Excel_GS4/2025_01_05__19_34_06_NO EXT1R.csv,0.0,1992.9,514
2,NOEXT1G,extinction4,研究2/orginal data/lever presses/6再次消退/day3/Excel_GS4/2025_01_05__19_34_07_NO EXT1G.csv,0.0,1992.915,418
2,NOEXT1B,extinction4,研究2/orginal data/lever presses/6再次消退/day3/Excel_GS4/2025_01_05__20_11_06_NO EXT1B.csv,0.0,1994.155,1326
2,EXT1R,extinction4,研究2/orginal data/lever presses/6再次消退/day3/Excel_GS4/2025_01_05__20_50_06_EXT1R.csv,0.0,1993.97,142
2,EXT1G,extinction4,研究2/orginal data/lever presses/6再次消退/day3/Excel_GS4/2025_01_05__20_50_07_EXT1G.csv,0.0,1993.975,58
2,EXT1B,extinction4,研究2/orginal data/lever presses/6再次消退/day3/Excel_GS4/2025_01_05__21_28_06_EXT1B.csv,0.0,1988.345,786
2,NOEXT2B,extinction4,研究2/orginal data/lever presses/6再次消退/day3/Excel_GS4/2025_01_12__14_24_06_NO EXT2B.csv,0.0,1997.26,426
2,NOEXT2G,extinction4,研究2/orginal data/lever presses/6再次消退/day3/Excel_GS4/2025_01_12__14_24_07_NO EXT2G.csv,0.0,1997.235,546
2,NOEXT3R,extinction4,研究2/orginal data/lever presses/6再次消退/day3/Excel_GS4/2025_01_12__15_04_06_NO EXT3R.csv,0.0,2008.215,1198
2,NOEXT3G,extinction4,研究2/orginal data/lever presses/6再次消退/day3/Excel_GS4/2025_01_12__15_04_07_NO EXT3G.csv,0.0,2008.22,18
2,NOEXT3B,extinction4,研究2/orginal data/lever presses/6再次消退/day3/Excel_GS4/2025_01_12__15_45_06_NO EXT3B.csv,0.0,2008.315,894
2,EXT2R,extinction4,研究2/orginal data/lever presses/6再次消退/day3/Excel_GS4/2025_01_12__16_26_06_EXT2R.csv,0.0,1996.03,1030
2,EXT2G,extinction4,研究2/orginal data/lever presses/6再次消退/day3/Excel_GS4/2025_01_12__16_26_07_EXT2G.csv,0.0,1995.985,1732
2,EXT2B,extinction4,研究2/orginal data/lever presses/6再次消退/day3/Excel_GS4/2025_01_12__17_05_06_EXT2B.csv,0.0,2009.28,24
2,EXT3R,extinction4,研究2/orginal data/lever presses/6再次消退/day3/Excel_GS4/2025_01_12__17_05_07_EXT3R.csv,0.0,2009.24,28
2,EXT3G,extinction4,研究2/orginal data/lever presses/6再次消退/day3/Excel_GS4/2025_01_12__17_46_06_EXT3G.csv,0.0,1994.64,926
2,EXT3B,extinction4,研究2/orginal data/lever presses/6再次消退/day3/Excel_GS4/2025_01_12__17_46_07_EXT3B.csv,0.0,1994.625,1152
2,EXT1R,LTM2,研究2/orginal data/lever presses/7LTM2（再次消退测试）/Excel_GS4/2025_01_06__20_15_06_EXT1R.csv,0.0,920.005,198
2,EXT1G,LTM2,研究2/orginal data/lever presses/7LTM2（再次消退测试）/Excel_GS4/2025_01_06__20_15_07_EXT1G.csv,0.0,920.03,24
2,EXT1B,LTM2,研究2/orginal data/lever presses/7LTM2（再次消退测试）/Excel_GS4/2025_01_06__20_35_06_EXT1B.csv,0.0,917.425,208
2,NOEXT1R,LTM2,研究2/orginal data/lever presses/7LTM2（再次消退测试）/Excel_GS4/2025_01_06__20_35_07_NO EXT1R.csv,0.0,917.41,92
2,NOEXT1B,LTM2,研究2/orginal data/lever presses/7LTM2（再次消退测试）/Excel_GS4/2025_01_06__20_55_06_NO EXT1B.csv,0.0,906.204,50
2,NOEXT1G,LTM2,研究2/orginal data/lever presses/7LTM2（再次消退测试）/Excel_GS4/2025_01_06__20_55_07_NO EXT1G.csv,0.0,906.195,45
2,NOEXT2B,LTM2,研究2/orginal data/lever presses/7LTM2（再次消退测试）/Excel_GS4/2025_01_13__14_08_06_NO EXT2B.csv,0.0,734.935,42
2,NOEXT2G,LTM2,研究2/orginal data/lever presses/7LTM2（再次消退测试）/Excel_GS4/2025_01_13__14_08_07_NO EXT2G.csv,0.0,734.915,48
2,NOEXT3R,LTM2,研究2/orginal data/lever presses/7LTM2（再次消退测试）/Excel_GS4/2025_01_13__14_27_06_NO EXT3R.csv,0.0,736.501,92
2,NOEXT3G,LTM2,研究2/orginal data/lever presses/7LTM2（再次消退测试）/Excel_GS4/2025_01_13__14_27_07_NO EXT3G.csv,0.0,736.475,18
2,NOEXT3B,LTM2,研究2/orginal data/lever presses/7LTM2（再次消退测试）/Excel_GS4/2025_01_13__14_46_06_NO EXT3B.csv,0.0,729.47,97
2,EXT2R,LTM2,研究2/orginal data/lever presses/7LTM2（再次消退测试）/Excel_GS4/2025_01_13__15_03_06_EXT2R.csv,0.0,732.91,490
2,EXT2G,LTM2,研究2/orginal data/lever presses/7LTM2（再次消退测试）/Excel_GS4/2025_01_13__15_03_07_EXT2G.csv,0.0,732.886,475
2,EXT2B,LTM2,研究2/orginal data/lever presses/7LTM2（再次消退测试）/Excel_GS4/2025_01_13__15_22_06_EXT2B.csv,0.0,732.12,22
2,EXT3R,LTM2,研究2/orginal data/lever presses/7LTM2（再次消退测试）/Excel_GS4/2025_01_13__15_22_07_EXT3R.csv,0.0,732.11,40
2,EXT3G,LTM2,研究2/orginal data/lever presses/7LTM2（再次消退测试）/Excel_GS4/2025_01_13__15_40_06_EXT3G.csv,0.0,733.9,356
2,EXT3B,LTM2,研究2/orginal data/lever presses/7LTM2（再次消退测试）/Excel_GS4/2025_01_13__15_40_07_EXT3B.csv,0.0,733.86,352
