study,subject_id,session_name,band,source_filepath,score,n_raw_rows
1a,XIN1B,contextual_test,50,研究1a/oringinaldata/50kHz Matlab export/context/Xin1Bcontext 2024-04-29  8_41 PM_Stats.xlsx,15,90.0
1a,XIN1B,cue_test,22,研究1a/oringinaldata/22kHz Matlab export/cue test/Xin1Bcue 2024-04-26  1_46 PM_Stats.xlsx,15,274.0
1a,XIN1B,cue_test,50,研究1a/oringinaldata/50kHz Matlab export/cue test/Xin1Bcue 2024-04-30 10_21 AM_Stats.xlsx,15,8.0
1a,XIN1B,generalization_5k,50,研究1a/oringinaldata/50kHz Matlab export/generalization 5kHz/Xin1B5k 2024-04-30  9_54 AM_Stats.xlsx,15,9.0
1a,XIN1B,generalization_7k,22,研究1a/oringinaldata/22kHz Matlab export/generalization 7kHz/Xin1B7k 2024-04-28  6_36 PM_Stats.xlsx,15,128.0
1a,XIN1B,generalization_7k,50,研究1a/oringinaldata/50kHz Matlab export/generalization 7kHz/Xin1B7k 2024-04-29 11_17 PM_Stats.xlsx,15,12.0
1a,XIN1B,learning,22,研究1a/oringinaldata/22kHz Matlab export/learning/learn/Xin1Blearn 2024-04-25  4_28 PM_Stats.xlsx,15,142.0
1a,XIN1B,learning,50,研究1a/oringinaldata/50kHz Matlab export/learning/Xin1Blearn 2024-04-29  8_34 PM_Stats.xlsx,0,133.0
1a,XIN1B,retest_cue,22,研究1a/oringinaldata/22kHz Matlab export/retest/Xin1Bre 2024-09-06 12_19 PM_Stats.xlsx,15,9.0
1a,XIN1B,retest_cue,50,研究1a/oringinaldata/50kHz Matlab export/retest/Xin1Bre 2024-09-05  4_54 PM_Stats.xlsx,15,43.0
1a,XIN1G,contextual_test,50,研究1a/oringinaldata/50kHz Matlab export/context/Xin1Gcontext 2024-04-29  8_21 PM_Stats.xlsx,15,1.0
1a,XIN1G,cue_test,22,研究1a/oringinaldata/22kHz Matlab export/cue test/Xin1Gcue 2024-04-26  1_47 PM_Stats.xlsx,15,102.0
1a,XIN1G,cue_test,50,研究1a/oringinaldata/50kHz Matlab export/cue test/Xin1Gcue 2024-04-30 10_09 AM_Stats.xlsx,15,8.0
1a,XIN1G,generalization_5k,22,研究1a/oringinaldata/22kHz Matlab export/generalization 5kHz/Xin1G5k 2024-04-29  7_04 PM_Stats.xlsx,15,8.0
1a,XIN1G,generalization_5k,50,研究1a/oringinaldata/50kHz Matlab export/generalization 5kHz/Xin1G5k 2024-04-30 10_04 AM_Stats.xlsx,15,30.0
1a,XIN1G,generalization_7k,22,研究1a/oringinaldata/22kHz Matlab export/generalization 7kHz/Xin1G7k 2024-04-28  6_37 PM_Stats.xlsx,15,137.0
1a,XIN1G,generalization_7k,50,研究1a/oringinaldata/50kHz Matlab export/generalization 7kHz/Xin1G7k 2024-04-29 11_18 PM_Stats.xlsx,15,32.0
1a,XIN1G,learning,22,研究1a/oringinaldata/22kHz Matlab export/learning/learn/Xin1Glearn 2024-04-25  7_08 PM_Stats.xlsx,15,137.0
1a,XIN1G,learning,50,研究1a/oringinaldata/50kHz Matlab export/learning/Xin1Glearn 2024-04-29  8_28 PM_Stats.xlsx,0,31.0
1a,XIN1G,retest_cue,50,研究1a/oringinaldata/50kHz Matlab export/retest/Xin1Gre 2024-09-05  4_48 PM_Stats.xlsx,15,22.0
1a,XIN1R,contextual_test,50,研究1a/oringinaldata/50kHz Matlab export/context/Xin1Rcontext 2024-04-29  8_07 PM_Stats.xlsx,15,10.0
1a,XIN1R,cue_test,22,研究1a/oringinaldata/22kHz Matlab export/cue test/Xin1Rcue 2024-04-26  1_48 PM_Stats.xlsx,15,230.0
1a,XIN1R,cue_test,50,研究1a/oringinaldata/50kHz Matlab export/cue test/Xin1Rcue 2024-04-30  9_49 AM_Stats.xlsx,15,13.0
1a,XIN1R,generalization_5k,22,研究1a/oringinaldata/22kHz Matlab export/generalization 5kHz/Xin1R5k 2024-04-29  6_46 PM_Stats.xlsx,15,27.0
1a,XIN1R,generalization_5k,50,研究1a/oringinaldata/50kHz Matlab export/generalization 5kHz/Xin1R5k 2024-04-30  9_55 AM_Stats.xlsx,15,10.0
1a,XIN1R,generalization_7k,22,研究1a/oringinaldata/22kHz Matlab export/generalization 7kHz/Xin1R7k 2024-04-28  6_38 PM_Stats.xlsx,15,152.0
1a,XIN1R,generalization_7k,50,研究1a/oringinaldata/50kHz Matlab export/generalization 7kHz/Xin1R7k 2024-04-29 11_19 PM_Stats.xlsx,15,19.0
1a,XIN1R,learning,50,研究1a/oringinaldata/50kHz Matlab export/learning/Xin1Rlearn 2024-04-29  8_06 PM_Stats.xlsx,0,96.0
1a,XIN1R,retest_cue,22,研究1a/oringinaldata/22kHz Matlab export/retest/Xin1Rre 2024-09-06 12_12 PM_Stats.xlsx,15,74.0
1a,XIN1R,retest_cue,50,研究1a/oringinaldata/50kHz Matlab export/retest/Xin1Rre 2024-09-05  4_40 PM_Stats.xlsx,15,32.0
1a,XIN2B,contextual_test,50,研究1a/oringinaldata/50kHz Matlab export/context/Xin2Bcontext 2024-04-29  9_19 PM_Stats.xlsx,15,114.0
1a,XIN2B,cue_test,50,研究1a/oringinaldata/50kHz Matlab export/cue test/Xin2Bcue 2024-04-30 10_44 AM_Stats.xlsx,15,19.0
1a,XIN2B,generalization_5k,50,研究1a/oringinaldata/50kHz Matlab export/generalization 5kHz/Xin2B5k 2024-04-30 10_28 AM_Stats.xlsx,15,215.0
1a,XIN2B,generalization_7k,50,研究1a/oringinaldata/50kHz Matlab export/generalization 7kHz/Xin2B7k 2024-04-30 12_14 AM_Stats.xlsx,15,14.0
1a,XIN2B,learning,50,研究1a/oringinaldata/50kHz Matlab export/learning/Xin2Bcontrol 2024-04-29  8_55 PM_Stats.xlsx,0,32.0
1a,XIN2B,retest_cue,50,研究1a/oringinaldata/50kHz Matlab export/retest/Xin2Bre 2024-09-05  5_30 PM_Stats.xlsx,15,170.0
1a,XIN2G,contextual_test,50,研究1a/oringinaldata/50kHz Matlab export/context/Xin2Gcontext 2024-04-29  9_04 PM_Stats.xlsx,15,2.0
1a,XIN2G,cue_test,50,研究1a/oringinaldata/50kHz Matlab export/cue test/Xin2Gcue 2024-04-30 10_41 AM_Stats.xlsx,15,2.0
1a,XIN2G,generalization_5k,50,研究1a/oringinaldata/50kHz Matlab export/generalization 5kHz/Xin2G5k 2024-04-30  9_56 AM_Stats.xlsx,15,2.0
1a,XIN2G,generalization_7k,50,研究1a/oringinaldata/50kHz Matlab export/generalization 7kHz/Xin2G7k 2024-04-30 12_14 AM_Stats.xlsx,15,10.0
1a,XIN2G,learning,50,研究1a/oringinaldata/50kHz Matlab export/learning/Xin2Gcontrol 2024-04-29  8_52 PM_Stats.xlsx,0,6.0
1a,XIN2R,contextual_test,50,研究1a/oringinaldata/50kHz Matlab export/context/Xin2Rcontext 2024-04-29  8_46 PM_Stats.xlsx,15,135.0
1a,XIN2R,cue_test,50,研究1a/oringinaldata/50kHz Matlab export/cue test/Xin2Rcue 2024-04-30 10_27 AM_Stats.xlsx,15,106.0
1a,XIN2R,generalization_5k,50,研究1a/oringinaldata/50kHz Matlab export/generalization 5kHz/Xin2R5k 2024-04-30 10_15 AM_Stats.xlsx,15,134.0
1a,XIN2R,generalization_7k,50,研究1a/oringinaldata/50kHz Matlab export/generalization 7kHz/Xin2R7k 2024-04-30 12_05 AM_Stats.xlsx,15,105.0
1a,XIN2R,learning,50,研究1a/oringinaldata/50kHz Matlab export/learning/Xin2Rcontrol 2024-04-29  8_47 PM_Stats.xlsx,0,211.0
1a,XIN2R,retest_cue,50,研究1a/oringinaldata/50kHz Matlab export/retest/Xin2Rre 2024-09-05  5_04 PM_Stats.xlsx,15,116.0
1a,XIN3B,contextual_test,50,研究1a/oringinaldata/50kHz Matlab export/context/Xin3Bcontext 2024-04-30  2_08 PM_Stats.xlsx,15,13.0
1a,XIN3B,cue_test,50,研究1a/oringinaldata/50kHz Matlab export/cue test/Xin3Bcue 2024-04-30 11_05 AM_Stats.xlsx,15,11.0
1a,XIN3B,generalization_5k,50,研究1a/oringinaldata/50kHz Matlab export/generalization 5kHz/Xin3B5k 2024-04-30 11_02 AM_Stats.xlsx,15,3.0
1a,XIN3B,generalization_7k,50,研究1a/oringinaldata/50kHz Matlab export/generalization 7kHz/Xin3B7k 2024-04-30 12_14 AM_Stats.xlsx,15,6.0
1a,XIN3B,learning,50,研究1a/oringinaldata/50kHz Matlab export/learning/Xin3Bcontrol 2024-04-29  9_33 PM_Stats.xlsx,0,36.0
1a,XIN3B,retest_cue,50,研究1a/oringinaldata/50kHz Matlab export/retest/Xin3Bre 2024-09-06 10_48 AM_Stats.xlsx,15,16.0
1a,XIN3G,contextual_test,50,研究1a/oringinaldata/50kHz Matlab export/context/Xin3Gcontext 2024-04-30  2_08 PM_Stats.xlsx,15,78.0
1a,XIN3G,cue_test,50,研究1a/oringinaldata/50kHz Matlab export/cue test/Xin3Gcue 2024-04-30 10_57 AM_Stats.xlsx,15,50.0
1a,XIN3G,generalization_5k,50,研究1a/oringinaldata/50kHz Matlab export/generalization 5kHz/Xin3G5k 2024-04-30 10_56 AM_Stats.xlsx,15,69.0
1a,XIN3G,generalization_7k,50,研究1a/oringinaldata/50kHz Matlab export/generalization 7kHz/Xin3G7k 2024-04-30 12_15 AM_Stats.xlsx,15,65.0
1a,XIN3G,learning,50,研究1a/oringinaldata/50kHz Matlab export/learning/Xin3Gcontrol 2024-04-29  9_21 PM_Stats.xlsx,0,121.0
1a,XIN3G,retest_cue,50,研究1a/oringinaldata/50kHz Matlab export/retest/Xin3Gre 2024-09-06 10_41 AM_Stats.xlsx,15,35.0
1a,XIN3R,contextual_test,50,研究1a/oringinaldata/50kHz Matlab export/context/Xin3Rcontext 2024-04-29  9_27 PM_Stats.xlsx,15,111.0
1a,XIN3R,cue_test,50,研究1a/oringinaldata/50kHz Matlab export/cue test/Xin3Rcue 2024-04-30 10_49 AM_Stats.xlsx,15,12.0
1a,XIN3R,generalization_5k,50,研究1a/oringinaldata/50kHz Matlab export/generalization 5kHz/Xin3R5k 2024-04-30 10_49 AM_Stats.xlsx,15,76.0
1a,XIN3R,generalization_7k,50,研究1a/oringinaldata/50kHz Matlab export/generalization 7kHz/Xin3R7k 2024-04-30 12_15 AM_Stats.xlsx,15,8.0
1a,XIN3R,learning,50,研究1a/oringinaldata/50kHz Matlab export/learning/Xin3Rcontrol 2024-04-29  9_08 PM_Stats.xlsx,0,139.0
1a,XIN3R,retest_cue,50,研究1a/oringinaldata/50kHz Matlab export/retest/Xin3Rre 2024-09-05 10_01 PM_Stats.xlsx,15,100.0
1a,XIN4B,contextual_test,50,研究1a/oringinaldata/50kHz Matlab export/context/Xin4Bcontext 2024-04-29  9_59 PM_Stats.xlsx,15,17.0
1a,XIN4B,cue_test,22,研究1a/oringinaldata/22kHz Matlab export/cue test/Xin4Bcue 2024-04-26  1_49 PM_Stats.xlsx,15,80.0
1a,XIN4B,cue_test,50,研究1a/oringinaldata/50kHz Matlab export/cue test/Xin4Bcue 2024-04-30 11_25 AM_Stats.xlsx,15,11.0
1a,XIN4B,generalization_5k,50,研究1a/oringinaldata/50kHz Matlab export/generalization 5kHz/Xin4B5k 2024-04-30 11_14 AM_Stats.xlsx,15,3.0
1a,XIN4B,generalization_7k,50,研究1a/oringinaldata/50kHz Matlab export/generalization 7kHz/Xin4B7k 2024-04-30 12_16 AM_Stats.xlsx,15,13.0
1a,XIN4B,learning,22,研究1a/oringinaldata/22kHz Matlab export/learning/learn/Xin4Blearn 2024-04-25  7_12 PM_Stats.xlsx,15,118.0
1a,XIN4B,learning,50,研究1a/oringinaldata/50kHz Matlab export/learning/Xin4Blearn 2024-04-29  9_58 PM_Stats.xlsx,0,45.0
1a,XIN4B,retest_cue,50,研究1a/oringinaldata/50kHz Matlab export/retest/Xin4Bre 2024-09-06 11_06 AM_Stats.xlsx,15,17.0
1a,XIN4G,contextual_test,50,研究1a/oringinaldata/50kHz Matlab export/context/Xin4Gcontext 2024-04-29  9_48 PM_Stats.xlsx,15,68.0
1a,XIN4G,cue_test,50,研究1a/oringinaldata/50kHz Matlab export/cue test/Xin4Gcue 2024-04-30 11_16 AM_Stats.xlsx,15,13.0
1a,XIN4G,generalization_5k,50,研究1a/oringinaldata/50kHz Matlab export/generalization 5kHz/Xin4G5k 2024-04-30 11_07 AM_Stats.xlsx,15,66.0
1a,XIN4G,generalization_7k,50,研究1a/oringinaldata/50kHz Matlab export/generalization 7kHz/Xin4G7k 2024-04-30 12_16 AM_Stats.xlsx,15,18.0
1a,XIN4G,learning,22,研究1a/oringinaldata/22kHz Matlab export/learning/learn/Xin4Glearn 2024-04-25  7_14 PM_Stats.xlsx,15,194.0
1a,XIN4G,learning,50,研究1a/oringinaldata/50kHz Matlab export/learning/Xin4Glearn 2024-04-29  9_44 PM_Stats.xlsx,0,167.0
1a,XIN4G,retest_cue,50,研究1a/oringinaldata/50kHz Matlab export/retest/Xin4Gre 2024-09-06 11_01 AM_Stats.xlsx,15,47.0
1a,XIN4R,contextual_test,50,研究1a/oringinaldata/50kHz Matlab export/context/Xin4Rcontext 2024-04-29  9_39 PM_Stats.xlsx,15,2.0
1a,XIN4R,cue_test,22,研究1a/oringinaldata/22kHz Matlab export/cue test/Xin4Rcue 2024-04-26  1_51 PM_Stats.xlsx,15,30.0
1a,XIN4R,cue_test,50,研究1a/oringinaldata/50kHz Matlab export/cue test/Xin4Rcue 2024-04-30 11_11 AM_Stats.xlsx,15,6.0
1a,XIN4R,generalization_5k,50,研究1a/oringinaldata/50kHz Matlab export/generalization 5kHz/Xin4R5k 2024-04-30  9_58 AM_Stats.xlsx,15,8.0
1a,XIN4R,generalization_7k,50,研究1a/oringinaldata/50kHz Matlab export/generalization 7kHz/Xin4R7k 2024-04-30 12_17 AM_Stats.xlsx,15,8.0
1a,XIN4R,learning,22,研究1a/oringinaldata/22kHz Matlab export/learning/learn/Xin4Rlearn 2024-04-25  7_16 PM_Stats.xlsx,15,63.0
1a,XIN4R,learning,50,研究1a/oringinaldata/50kHz Matlab export/learning/Xin4Rlearn 2024-04-29  9_39 PM_Stats.xlsx,0,31.0
1a,XIN4R,retest_cue,50,研究1a/oringinaldata/50kHz Matlab export/retest/Xin4Rre 2024-09-06 10_53 AM_Stats.xlsx,15,15.0
1b,XIN1B,pretest_contextual,50,研究1b/oringinaldata/50kHz USVs/contextual test/前测/Xin1Bcontext 2024-04-29  8_41 PM_Stats.xlsx,0,90.0
1b,XIN1B,pretest_cue,22,研究1b/oringinaldata/22kHz USVs/cue test/前测/Xin1Bcue 2024-04-26  1_46 PM_Stats.xlsx,0,274.0
1b,XIN1B,pretest_cue,50,研究1b/oringinaldata/50kHz USVs/cue test/前测/Xin1Bcue 2024-04-30 10_21 AM_Stats.xlsx,0,8.0
1b,XIN1B,retest_contextual,50,研究1b/oringinaldata/50kHz USVs/contextual test/后测/Xin1Bcontext2 2024-09-23  7_14 PM_Stats.xlsx,0,18.0
1b,XIN1B,retest_cue,50,研究1b/oringinaldata/50kHz USVs/cue test/后测/xin1Bcue2 2024-09-23  8_11 PM_Stats.xlsx,0,7.0
1b,XIN1G,pretest_contextual,50,研究1b/oringinaldata/50kHz USVs/contextual test/前测/Xin1Gcontext 2024-04-29  8_21 PM_Stats.xlsx,0,1.0
1b,XIN1G,pretest_cue,22,研究1b/oringinaldata/22kHz USVs/cue test/前测/Xin1Gcue 2024-04-26  1_47 PM_Stats.xlsx,0,102.0
1b,XIN1G,pretest_cue,50,研究1b/oringinaldata/50kHz USVs/cue test/前测/Xin1Gcue 2024-04-30 10_09 AM_Stats.xlsx,0,8.0
1b,XIN1G,retest_contextual,50,研究1b/oringinaldata/50kHz USVs/contextual test/后测/Xin1Gcontex2 2024-09-23  7_29 PM_Stats.xlsx,0,14.0
1b,XIN1G,retest_cue,22,研究1b/oringinaldata/22kHz USVs/cue test/后测/xin1Gcue2 2024-09-21  9_59 PM_Stats.xlsx,0,12.0
1b,XIN1G,retest_cue,50,研究1b/oringinaldata/50kHz USVs/cue test/后测/xin1Gcue2 2024-09-23  7_42 PM_Stats.xlsx,0,25.0
1b,XIN1R,pretest_contextual,50,研究1b/oringinaldata/50kHz USVs/contextual test/前测/Xin1Rcontext 2024-04-29  8_07 PM_Stats.xlsx,0,10.0
1b,XIN1R,pretest_cue,22,研究1b/oringinaldata/22kHz USVs/cue test/前测/Xin1Rcue 2024-04-26  1_48 PM_Stats.xlsx,0,230.0
1b,XIN1R,pretest_cue,50,研究1b/oringinaldata/50kHz USVs/cue test/前测/Xin1Rcue 2024-04-30  9_49 AM_Stats.xlsx,0,13.0
1b,XIN1R,retest_contextual,50,研究1b/oringinaldata/50kHz USVs/contextual test/后测/Xin1Rcontext2 2024-09-23  7_37 PM_Stats.xlsx,0,89.0
1b,XIN1R,retest_cue,22,研究1b/oringinaldata/22kHz USVs/cue test/后测/xin1Rcue2 2024-09-21  9_45 PM_Stats.xlsx,0,153.0
1b,XIN1R,retest_cue,50,研究1b/oringinaldata/50kHz USVs/cue test/后测/xin1Rcue2 2024-09-23  8_01 PM_Stats.xlsx,0,18.0
1b,XIN2B,pretest_contextual,50,研究1b/oringinaldata/50kHz USVs/contextual test/前测/Xin2Bcontext 2024-04-29  9_19 PM_Stats.xlsx,0,114.0
1b,XIN2B,pretest_cue,50,研究1b/oringinaldata/50kHz USVs/cue test/前测/Xin2Bcue 2024-04-30 10_44 AM_Stats.xlsx,0,19.0
1b,XIN2B,retest_contextual,50,研究1b/oringinaldata/50kHz USVs/contextual test/后测/Xin2Bcontext2 2024-09-23  7_48 PM_Stats.xlsx,0,18.0
1b,XIN2B,retest_cue,50,研究1b/oringinaldata/50kHz USVs/cue test/后测/xin2Bcue2s 2024-09-23  9_32 PM_Stats.xlsx,0,51.0
1b,XIN2G,pretest_contextual,50,研究1b/oringinaldata/50kHz USVs/contextual test/前测/Xin2Gcontext 2024-04-29  9_04 PM_Stats.xlsx,0,2.0
1b,XIN2G,pretest_cue,50,研究1b/oringinaldata/50kHz USVs/cue test/前测/Xin2Gcue 2024-04-30 10_41 AM_Stats.xlsx,0,2.0
1b,XIN2G,retest_contextual,50,研究1b/oringinaldata/50kHz USVs/contextual test/后测/Xin2Gcontex2 2024-09-23  7_52 PM_Stats.xlsx,0,7.0
1b,XIN2G,retest_cue,50,研究1b/oringinaldata/50kHz USVs/cue test/后测/xin2Gcue2 2024-09-23  8_15 PM_Stats.xlsx,0,22.0
1b,XIN2R,pretest_contextual,50,研究1b/oringinaldata/50kHz USVs/contextual test/前测/Xin2Rcontext 2024-04-29  8_46 PM_Stats.xlsx,0,135.0
1b,XIN2R,pretest_cue,50,研究1b/oringinaldata/50kHz USVs/cue test/前测/Xin2Rcue 2024-04-30 10_27 AM_Stats.xlsx,0,106.0
1b,XIN2R,retest_contextual,50,研究1b/oringinaldata/50kHz USVs/contextual test/后测/Xin2Rcontext2 2024-09-23  7_58 PM_Stats.xlsx,0,173.0
1b,XIN2R,retest_cue,50,研究1b/oringinaldata/50kHz USVs/cue test/后测/xin2Rcue2s 2024-09-23  9_02 PM_Stats.xlsx,0,487.0
1b,XIN3B,pretest_contextual,50,研究1b/oringinaldata/50kHz USVs/contextual test/前测/Xin3Bcontext 2024-04-30  2_08 PM_Stats.xlsx,0,13.0
1b,XIN3B,pretest_cue,50,研究1b/oringinaldata/50kHz USVs/cue test/前测/Xin3Bcue 2024-04-30 11_05 AM_Stats.xlsx,0,11.0
1b,XIN3B,retest_contextual,50,研究1b/oringinaldata/50kHz USVs/contextual test/后测/Xin3Bcontex2 2024-09-23  8_20 PM_Stats.xlsx,0,89.0
1b,XIN3B,retest_cue,50,研究1b/oringinaldata/50kHz USVs/cue test/后测/xin3Bcue2 2024-09-23  8_28 PM_Stats.xlsx,0,10.0
1b,XIN3G,pretest_contextual,50,研究1b/oringinaldata/50kHz USVs/contextual test/前测/Xin3Gcontext 2024-04-30  2_08 PM_Stats.xlsx,0,78.0
1b,XIN3G,pretest_cue,50,研究1b/oringinaldata/50kHz USVs/cue test/前测/Xin3Gcue 2024-04-30 10_57 AM_Stats.xlsx,0,50.0
1b,XIN3G,retest_contextual,50,研究1b/oringinaldata/50kHz USVs/contextual test/后测/Xin3Gcontext2 2024-09-23  8_32 PM_Stats.xlsx,0,247.0
1b,XIN3G,retest_cue,50,研究1b/oringinaldata/50kHz USVs/cue test/后测/xin3Gcue2s 2024-09-23  9_38 PM_Stats.xlsx,0,225.0
1b,XIN3R,pretest_contextual,50,研究1b/oringinaldata/50kHz USVs/contextual test/前测/Xin3Rcontext 2024-04-29  9_27 PM_Stats.xlsx,0,111.0
1b,XIN3R,pretest_cue,50,研究1b/oringinaldata/50kHz USVs/cue test/前测/Xin3Rcue 2024-04-30 10_49 AM_Stats.xlsx,0,12.0
1b,XIN3R,retest_contextual,50,研究1b/oringinaldata/50kHz USVs/contextual test/后测/Xin3Rcontex2 2024-09-23  8_48 PM_Stats.xlsx,0,199.0
1b,XIN3R,retest_cue,50,研究1b/oringinaldata/50kHz USVs/cue test/后测/xin3Rcue2 2024-09-23  8_24 PM_Stats.xlsx,0,10.0
1b,XIN4B,pretest_contextual,50,研究1b/oringinaldata/50kHz USVs/contextual test/前测/Xin4Bcontext 2024-04-29  9_59 PM_Stats.xlsx,0,17.0
1b,XIN4B,pretest_cue,22,研究1b/oringinaldata/22kHz USVs/cue test/前测/Xin4Bcue 2024-04-26  1_49 PM_Stats.xlsx,0,80.0
1b,XIN4B,pretest_cue,50,研究1b/oringinaldata/50kHz USVs/cue test/前测/Xin4Bcue 2024-04-30 11_25 AM_Stats.xlsx,0,11.0
1b,XIN4B,retest_contextual,50,研究1b/oringinaldata/50kHz USVs/contextual test/后测/Xin4Bcontex2 2024-09-23  8_59 PM_Stats.xlsx,0,96.0
1b,XIN4B,retest_cue,50,研究1b/oringinaldata/50kHz USVs/cue test/后测/xin4Bscue2 2024-09-23  8_38 PM_Stats.xlsx,0,11.0
1b,XIN4G,pretest_contextual,50,研究1b/oringinaldata/50kHz USVs/contextual test/前测/Xin4Gcontext 2024-04-29  9_48 PM_Stats.xlsx,0,68.0
1b,XIN4G,pretest_cue,50,研究1b/oringinaldata/50kHz USVs/cue test/前测/Xin4Gcue 2024-04-30 11_16 AM_Stats.xlsx,0,13.0
1b,XIN4G,retest_contextual,50,研究1b/oringinaldata/50kHz USVs/contextual test/后测/Xin4Gcontext2 2024-09-23  9_07 PM_Stats.xlsx,0,146.0
1b,XIN4G,retest_cue,50,研究1b/oringinaldata/50kHz USVs/cue test/后测/xin4Gcue2 2024-09-23  8_44 PM_Stats.xlsx,0,114.0
1b,XIN4R,pretest_contextual,50,研究1b/oringinaldata/50kHz USVs/contextual test/前测/Xin4Rcontext 2024-04-29  9_39 PM_Stats.xlsx,0,2.0
1b,XIN4R,pretest_cue,22,研究1b/oringinaldata/22kHz USVs/cue test/前测/Xin4Rcue 2024-04-26  1_51 PM_Stats.xlsx,0,30.0
1b,XIN4R,pretest_cue,50,研究1b/oringinaldata/50kHz USVs/cue test/前测/Xin4Rcue 2024-04-30 11_11 AM_Stats.xlsx,0,6.0
1b,XIN4R,retest_contextual,50,研究1b/oringinaldata/50kHz USVs/contextual test/后测/Xin4Rcontex2 2024-09-23  9_16 PM_Stats.xlsx,0,69.0
1b,XIN4R,retest_cue,50,研究1b/oringinaldata/50kHz USVs/cue test/后测/xin4Rcue2 2024-09-23  8_32 PM_Stats.xlsx,0,6.0
2,EXT1B,LTM1,22,研究2/orginal data/22kHz USVs/4LTM/0223处理/EXT1B 2025-01-01  5_10 PM_Stats.xlsx,35,166.0
2,EXT1B,LTM2,22,研究2/orginal data/22kHz USVs/9LTM2/EXT1B 2025-02-08  4_35 PM_Stats.xlsx,15,9.0
2,EXT1B,LTM2,50,研究2/orginal data/50kHz USVs/9LTM2/EXT1B 2025-02-17  8_33 PM_Stats.xlsx,15,145.0
2,EXT1B,extinction1,22,研究2/orginal data/22kHz USVs/3extinction1/0223处理_ext1/EXT1B-ext 2025-01-01  8_45 PM_Stats.xlsx,35,202.0
2,EXT1B,extinction2,22,研究2/orginal data/22kHz USVs/6extinction2/0223处理/EXT1B 2025-02-08  3_36 PM_Stats.xlsx,35,35.0
2,EXT1B,extinction2,50,研究2/orginal data/50kHz USVs/6extinction2/EXT1B 2025-02-20  4_37 PM_Stats.xlsx,15,98.0
2,EXT1B,extinction3,22,研究2/orginal data/22kHz USVs/7extinction3/0223处理/EXT1B 2025-02-08  4_05 PM_Stats.xlsx,35,43.0
2,EXT1B,extinction3,50,研究2/orginal data/50kHz USVs/7extinction3/EXT1B 2025-02-20  8_56 PM_Stats.xlsx,15,165.0
2,EXT1B,extinction4,50,研究2/orginal data/50kHz USVs/8extinction4/EXT1B 2025-02-21 12_05 AM_Stats.xlsx,15,73.0
2,EXT1B,learning,22,研究2/orginal data/22kHz USVs/1learn/0223处理_learn/EXT1B 2024-12-31 12_03 AM_Stats.xlsx,35,200.0
2,EXT1B,learning,50,研究2/orginal data/50kHz USVs/1learn/EXT1B 2025-02-16 10_17 PM_Stats.xlsx,15,566.0
2,EXT1B,renewal,22,研究2/orginal data/22kHz USVs/5renewal/0223处理_renewal/EXT1Brenewal 2025-01-02  4_47 PM_Stats.xlsx,35,163.0
2,EXT1B,renewal,50,研究2/orginal data/50kHz USVs/5renewal/EXT1Brenewal 2025-02-17  7_54 PM_Stats.xlsx,15,2.0
2,EXT1B,retrieval,22,研究2/orginal data/22kHz USVs/2retrieve/0223处理_ret/EXT1B-ret 2025-01-01  5_41 PM_Stats.xlsx,35,62.0
2,EXT1B,retrieval,50,研究2/orginal data/50kHz USVs/2retrieve/EXT1B-ret 2025-02-16 10_54 PM_Stats.xlsx,15,104.0
2,EXT1G,LTM1,22,研究2/orginal data/22kHz USVs/4LTM/0223处理/EXT1G 2025-01-01  4_52 PM_Stats.xlsx,35,75.0
2,EXT1G,LTM1,50,研究2/orginal data/50kHz USVs/4LTM/EXT1G 2025-02-17  7_34 PM_Stats.xlsx,15,88.0
2,EXT1G,LTM2,22,研究2/orginal data/22kHz USVs/9LTM2/EXT1G 2025-02-08  4_40 PM_Stats.xlsx,15,4.0
2,EXT1G,LTM2,50,研究2/orginal data/50kHz USVs/9LTM2/EXT1G 2025-02-17  8_29 PM_Stats.xlsx,15,7.0
2,EXT1G,extinction1,22,研究2/orginal data/22kHz USVs/3extinction1/0223处理_ext1/EXT1G-ext 2024-12-31  7_00 PM_Stats.xlsx,35,250.0
2,EXT1G,extinction2,50,研究2/orginal data/50kHz USVs/6extinction2/EXT1G 2025-02-20  4_28 PM_Stats.xlsx,15,14.0
2,EXT1G,extinction3,22,研究2/orginal data/22kHz USVs/7extinction3/0223处理/EXT1G 2025-02-08  3_57 PM_Stats.xlsx,35,16.0
2,EXT1G,extinction3,50,研究2/orginal data/50kHz USVs/7extinction3/EXT1G 2025-02-20  8_45 PM_Stats.xlsx,15,15.0
2,EXT1G,extinction4,50,研究2/orginal data/50kHz USVs/8extinction4/EXT1G 2025-02-20 11_56 PM_Stats.xlsx,15,16.0
2,EXT1G,learning,22,研究2/orginal data/22kHz USVs/1learn/0223处理_learn/EXT1G 2024-12-30  9_52 PM_Stats.xlsx,35,242.0
2,EXT1G,learning,50,研究2/orginal data/50kHz USVs/1learn/EXT1G 2025-02-16 10_05 PM_Stats.xlsx,15,514.0
2,EXT1G,renewal,22,研究2/orginal data/22kHz USVs/5renewal/0223处理_renewal/EXT1G renewal 2025-01-02  4_06 PM_Stats.xlsx,35,50.0
2,EXT1G,renewal,50,研究2/orginal data/50kHz USVs/5renewal/EXT1G renewal 2025-02-17  7_51 PM_Stats.xlsx,15,110.0
2,EXT1G,retrieval,22,研究2/orginal data/22kHz USVs/2retrieve/0223处理_ret/EXT1G-ret 2024-12-31  5_47 PM_Stats.xlsx,35,55.0
2,EXT1G,retrieval,50,研究2/orginal data/50kHz USVs/2retrieve/EXT1G-ret 2025-02-16 10_57 PM_Stats.xlsx,15,82.0
2,EXT1R,LTM2,22,研究2/orginal data/22kHz USVs/9LTM2/EXT1R 2025-02-08  4_44 PM_Stats.xlsx,15,4.0
2,EXT1R,LTM2,50,研究2/orginal data/50kHz USVs/9LTM2/EXT1R 2025-02-17  8_23 PM_Stats.xlsx,15,51.0
2,EXT1R,extinction2,50,研究2/orginal data/50kHz USVs/6extinction2/EXT1R 2025-02-20  4_16 PM_Stats.xlsx,15,22.0
2,EXT1R,extinction3,50,研究2/orginal data/50kHz USVs/7extinction3/EXT1R 2025-02-20  5_42 PM_Stats.xlsx,15,12.0
2,EXT1R,extinction4,50,研究2/orginal data/50kHz USVs/8extinction4/EXT1R 2025-02-20 11_43 PM_Stats.xlsx,15,130.0
2,EXT1R,learning,22,研究2/orginal data/22kHz USVs/1learn/0223处理_learn/EXT1R 2024-12-30  9_38 PM_Stats.xlsx,35,42.0
2,EXT1R,learning,50,研究2/orginal data/50kHz USVs/1learn/EXT1R 2025-02-16  9_58 PM_Stats.xlsx,15,66.0
2,EXT1R,renewal,50,研究2/orginal data/50kHz USVs/5renewal/EXT1Rrenewal 2025-02-17  7_48 PM_Stats.xlsx,15,35.0
2,EXT1R,retrieval,22,研究2/orginal data/22kHz USVs/2retrieve/EXT1R-ret 2025-01-01  5_38 PM_Stats.xlsx,15,1.0
2,EXT2B,LTM1,22,研究2/orginal data/22kHz USVs/4LTM/0223处理/EXT2B 2025-01-08  9_13 PM_Stats.xlsx,35,44.0
2,EXT2B,LTM1,50,研究2/orginal data/50kHz USVs/4LTM/EXT2B 2025-02-06 11_21 PM_Stats.xlsx,15,126.0
2,EXT2B,LTM2,22,研究2/orginal data/22kHz USVs/9LTM2/EXT2B 2025-01-20 10_51 PM_Stats.xlsx,15,4.0
2,EXT2B,extinction1,22,研究2/orginal data/22kHz USVs/3extinction1/0223处理_ext1/EXT2B-ext 2025-01-19 11_05 AM_Stats.xlsx,35,14.0
2,EXT2B,extinction1,50,研究2/orginal data/50kHz USVs/3extinction1/EXT2B-ext 2025-02-09  6_14 PM_Stats.xlsx,15,1.0
2,EXT2B,extinction2,22,研究2/orginal data/22kHz USVs/6extinction2/0223处理/EXT2B 2025-01-21  6_52 PM_Stats.xlsx,35,44.0
2,EXT2B,extinction2,50,研究2/orginal data/50kHz USVs/6extinction2/EXT2B 2025-02-06  6_59 PM_Stats.xlsx,15,16.0
2,EXT2B,extinction3,22,研究2/orginal data/22kHz USVs/7extinction3/EXT2B 2025-01-23 10_24 PM_Stats.xlsx,15,10.0
2,EXT2B,extinction3,50,研究2/orginal data/50kHz USVs/7extinction3/EXT2B 2025-02-11 11_26 AM_Stats.xlsx,15,1.0
2,EXT2B,extinction4,22,研究2/orginal data/22kHz USVs/8extinction4/EXT2B 2025-01-24 12_31 AM_Stats.xlsx,15,11.0
2,EXT2B,learning,22,研究2/orginal data/22kHz USVs/1learn/0223处理_learn/EXT2B 2025-01-08  9_03 PM_Stats.xlsx,35,233.0
2,EXT2B,learning,50,研究2/orginal data/50kHz USVs/1learn/EXT2B 2025-02-05 11_32 PM_Stats.xlsx,15,652.0
2,EXT2B,renewal,22,研究2/orginal data/22kHz USVs/5renewal/0223处理_renewal/EXT2B 2025-01-09  4_53 PM_Stats.xlsx,35,64.0
2,EXT2B,renewal,50,研究2/orginal data/50kHz USVs/5renewal/EXT2B 2025-02-10  9_00 PM_Stats.xlsx,15,50.0
2,EXT2B,retrieval,22,研究2/orginal data/22kHz USVs/2retrieve/EXT2B-ret 2025-01-19 11_21 AM_Stats.xlsx,15,1.0
2,EXT2B,retrieval,50,研究2/orginal data/50kHz USVs/2retrieve/EXT2B-ret 2025-02-09  6_06 PM_Stats.xlsx,15,3.0
2,EXT2G,LTM1,22,研究2/orginal data/22kHz USVs/4LTM/0223处理/EXT2G 2025-01-09  3_24 PM_Stats.xlsx,35,30.0
2,EXT2G,LTM1,50,研究2/orginal data/50kHz USVs/4LTM/EXT2G 2025-02-06  6_00 PM_Stats.xlsx,15,58.0
2,EXT2G,LTM2,22,研究2/orginal data/22kHz USVs/9LTM2/EXT2G 2025-01-20 10_54 PM_Stats.xlsx,15,4.0
2,EXT2G,extinction1,22,研究2/orginal data/22kHz USVs/3extinction1/0223处理_ext1/EXT2G-ext 2025-01-19 11_26 AM_Stats.xlsx,35,24.0
2,EXT2G,extinction1,50,研究2/orginal data/50kHz USVs/3extinction1/EXT2G-ext 2025-02-09  6_38 PM_Stats.xlsx,15,44.0
2,EXT2G,extinction2,22,研究2/orginal data/22kHz USVs/6extinction2/EXT2G 2025-01-21  6_48 PM_Stats.xlsx,15,10.0
2,EXT2G,extinction2,50,研究2/orginal data/50kHz USVs/6extinction2/EXT2G 2025-02-06  7_08 PM_Stats.xlsx,15,45.0
2,EXT2G,extinction3,22,研究2/orginal data/22kHz USVs/7extinction3/EXT2G 2025-01-23 10_09 PM_Stats.xlsx,15,10.0
2,EXT2G,extinction3,50,研究2/orginal data/50kHz USVs/7extinction3/EXT2G 2025-02-10 11_53 PM_Stats.xlsx,15,26.0
2,EXT2G,extinction4,22,研究2/orginal data/22kHz USVs/8extinction4/EXT2G 2025-01-24 12_33 AM_Stats.xlsx,15,5.0
2,EXT2G,learning,22,研究2/orginal data/22kHz USVs/1learn/0223处理_learn/EXT2G 2025-01-08 11_59 PM_Stats.xlsx,35,70.0
2,EXT2G,learning,50,研究2/orginal data/50kHz USVs/1learn/EXT2G 2025-02-05 11_34 PM_Stats.xlsx,15,162.0
2,EXT2G,renewal,22,研究2/orginal data/22kHz USVs/5renewal/0223处理_renewal/EXT2G 2025-01-09  5_05 PM_Stats.xlsx,35,21.0
2,EXT2G,renewal,50,研究2/orginal data/50kHz USVs/5renewal/EXT2G 2025-02-10  8_51 PM_Stats.xlsx,15,46.0
2,EXT2G,retrieval,22,研究2/orginal data/22kHz USVs/2retrieve/EXT2G-ret 2025-01-19 11_40 AM_Stats.xlsx,15,1.0
2,EXT2G,retrieval,50,研究2/orginal data/50kHz USVs/2retrieve/EXT2G-ret 2025-02-09  6_29 PM_Stats.xlsx,15,12.0
2,EXT2R,LTM1,22,研究2/orginal data/22kHz USVs/4LTM/0223处理/EXT2R 2025-01-08 11_37 PM_Stats.xlsx,35,45.0
2,EXT2R,LTM1,50,研究2/orginal data/50kHz USVs/4LTM/EXT2R 2025-02-06  6_08 PM_Stats.xlsx,15,11.0
2,EXT2R,LTM2,22,研究2/orginal data/22kHz USVs/9LTM2/EXT2R 2025-01-20 10_58 PM_Stats.xlsx,15,4.0
2,EXT2R,LTM2,50,研究2/orginal data/50kHz USVs/9LTM2/EXT2R 2025-02-11  5_49 PM_Stats.xlsx,15,32.0
2,EXT2R,extinction1,22,研究2/orginal data/22kHz USVs/3extinction1/0223处理_ext1/EXT2R-ext 2025-01-19 11_44 AM_Stats.xlsx,35,321.0
2,EXT2R,extinction1,50,研究2/orginal data/50kHz USVs/3extinction1/EXT2R-ext 2025-02-09  7_07 PM_Stats.xlsx,15,9.0
2,EXT2R,extinction2,22,研究2/orginal data/22kHz USVs/6extinction2/EXT2R 2025-01-21  6_42 PM_Stats.xlsx,15,10.0
2,EXT2R,extinction2,50,研究2/orginal data/50kHz USVs/6extinction2/EXT2R 2025-02-06  7_24 PM_Stats.xlsx,15,22.0
2,EXT2R,extinction3,22,研究2/orginal data/22kHz USVs/7extinction3/0223处理/EXT2R 2025-01-23 10_01 PM_Stats.xlsx,35,25.0
2,EXT2R,extinction3,50,研究2/orginal data/50kHz USVs/7extinction3/EXT2R 2025-02-11 12_08 PM_Stats.xlsx,15,12.0
2,EXT2R,extinction4,22,研究2/orginal data/22kHz USVs/8extinction4/EXT2R 2025-01-24 12_34 AM_Stats.xlsx,15,1.0
2,EXT2R,extinction4,50,研究2/orginal data/50kHz USVs/8extinction4/EXT2R 2025-02-11  1_09 PM_Stats.xlsx,15,10.0
2,EXT2R,learning,22,研究2/orginal data/22kHz USVs/1learn/0223处理_learn/EXT2R 2025-01-08  9_26 PM_Stats.xlsx,35,70.0
2,EXT2R,learning,50,研究2/orginal data/50kHz USVs/1learn/EXT2R 2025-02-05 11_37 PM_Stats.xlsx,15,410.0
2,EXT2R,renewal,22,研究2/orginal data/22kHz USVs/5renewal/EXT2R 2025-01-09  4_50 PM_Stats.xlsx,15,4.0
2,EXT2R,renewal,50,研究2/orginal data/50kHz USVs/5renewal/EXT2R 2025-02-10  8_40 PM_Stats.xlsx,15,78.0
2,EXT2R,retrieval,22,研究2/orginal data/22kHz USVs/2retrieve/EXT2R-ret 2025-01-19  8_51 PM_Stats.xlsx,15,1.0
2,EXT2R,retrieval,50,研究2/orginal data/50kHz USVs/2retrieve/EXT2R-ret 2025-02-09  6_57 PM_Stats.xlsx,15,2.0
2,EXT3B,LTM1,22,研究2/orginal data/22kHz USVs/4LTM/0223处理/EXT3B 2025-01-08  9_00 PM_Stats.xlsx,35,10.0
2,EXT3B,LTM1,50,研究2/orginal data/50kHz USVs/4LTM/EXT3B 2025-02-06  6_16 PM_Stats.xlsx,15,13.0
2,EXT3B,LTM2,22,研究2/orginal data/22kHz USVs/9LTM2/EXT3B 2025-01-20 11_01 PM_Stats.xlsx,15,4.0
2,EXT3B,LTM2,50,研究2/orginal data/50kHz USVs/9LTM2/EXT3B 2025-02-11  6_15 PM_Stats.xlsx,15,31.0
2,EXT3B,extinction1,22,研究2/orginal data/22kHz USVs/3extinction1/EXT3B-ext 2025-01-19  8_56 PM_Stats.xlsx,15,18.0
2,EXT3B,extinction1,50,研究2/orginal data/50kHz USVs/3extinction1/EXT3B-ext 2025-02-09  8_09 PM_Stats.xlsx,15,43.0
2,EXT3B,extinction2,50,研究2/orginal data/50kHz USVs/6extinction2/EXT3B 2025-02-06  7_31 PM_Stats.xlsx,15,112.0
2,EXT3B,extinction3,22,研究2/orginal data/22kHz USVs/7extinction3/0223处理/EXT3B 2025-01-23 11_37 PM_Stats.xlsx,35,18.0
2,EXT3B,extinction3,50,研究2/orginal data/50kHz USVs/7extinction3/EXT3B 2025-02-11 11_52 AM_Stats.xlsx,15,94.0
2,EXT3B,extinction4,22,研究2/orginal data/22kHz USVs/8extinction4/EXT3B 2025-01-24 12_36 AM_Stats.xlsx,15,4.0
2,EXT3B,extinction4,50,研究2/orginal data/50kHz USVs/8extinction4/EXT3B 2025-02-11  1_51 PM_Stats.xlsx,15,50.0
2,EXT3B,learning,22,研究2/orginal data/22kHz USVs/1learn/0223处理_learn/EXT3B 2025-01-07  8_21 PM_Stats.xlsx,35,80.0
2,EXT3B,learning,50,研究2/orginal data/50kHz USVs/1learn/EXT3B 2025-02-05 11_39 PM_Stats.xlsx,15,219.0
2,EXT3B,renewal,22,研究2/orginal data/22kHz USVs/5renewal/0223处理_renewal/EXT3B 2025-01-09  5_08 PM_Stats.xlsx,35,7.0
2,EXT3B,renewal,50,研究2/orginal data/50kHz USVs/5renewal/EXT3B 2025-02-10  9_43 PM_Stats.xlsx,15,84.0
2,EXT3B,retrieval,22,研究2/orginal data/22kHz USVs/2retrieve/EXT3B-ret 2025-01-19  9_05 PM_Stats.xlsx,15,1.0
2,EXT3B,retrieval,50,研究2/orginal data/50kHz USVs/2retrieve/EXT3B-ret 2025-02-09  7_22 PM_Stats.xlsx,15,9.0
2,EXT3G,LTM1,22,研究2/orginal data/22kHz USVs/4LTM/0223处理/EXT3G 2025-01-09  3_51 PM_Stats.xlsx,35,339.0
2,EXT3G,LTM1,50,研究2/orginal data/50kHz USVs/4LTM/EXT3G 2025-02-06  6_21 PM_Stats.xlsx,15,304.0
2,EXT3G,LTM2,22,研究2/orginal data/22kHz USVs/9LTM2/EXT3G 2025-01-20 11_04 PM_Stats.xlsx,15,4.0
2,EXT3G,LTM2,50,研究2/orginal data/50kHz USVs/9LTM2/EXT3G 2025-02-11  6_02 PM_Stats.xlsx,15,14.0
2,EXT3G,extinction1,22,研究2/orginal data/22kHz USVs/3extinction1/0223处理_ext1/EXT3G-ext 2025-01-19  9_09 PM_Stats.xlsx,35,524.0
2,EXT3G,extinction1,50,研究2/orginal data/50kHz USVs/3extinction1/EXT3G-ext 2025-02-09 10_16 PM_Stats.xlsx,15,1.0
2,EXT3G,extinction2,22,研究2/orginal data/22kHz USVs/6extinction2/0223处理/EXT3G 2025-01-21  7_07 PM_Stats.xlsx,35,103.0
2,EXT3G,extinction2,50,研究2/orginal data/50kHz USVs/6extinction2/EXT3G 2025-02-06  7_45 PM_Stats.xlsx,15,24.0
2,EXT3G,extinction3,22,研究2/orginal data/22kHz USVs/7extinction3/0223处理/EXT3G 2025-01-23 10_58 PM_Stats.xlsx,35,27.0
2,EXT3G,extinction3,50,研究2/orginal data/50kHz USVs/7extinction3/EXT3G 2025-02-11 11_41 AM_Stats.xlsx,15,41.0
2,EXT3G,extinction4,22,研究2/orginal data/22kHz USVs/8extinction4/EXT3G 2025-01-24 12_38 AM_Stats.xlsx,15,7.0
2,EXT3G,learning,22,研究2/orginal data/22kHz USVs/1learn/0223处理_learn/EXT3G 2025-01-07  8_39 PM_Stats.xlsx,35,356.0
2,EXT3G,learning,50,研究2/orginal data/50kHz USVs/1learn/EXT3G 2025-02-05 11_41 PM_Stats.xlsx,15,325.0
2,EXT3G,renewal,22,研究2/orginal data/22kHz USVs/5renewal/0223处理_renewal/EXT3G 2025-01-09  4_59 PM_Stats.xlsx,35,244.0
2,EXT3G,renewal,50,研究2/orginal data/50kHz USVs/5renewal/EXT3G 2025-02-10  9_32 PM_Stats.xlsx,15,229.0
2,EXT3G,retrieval,22,研究2/orginal data/22kHz USVs/2retrieve/0223处理_ret/EXT3G-ret 2025-01-19 10_53 PM_Stats.xlsx,35,72.0
2,EXT3R,LTM1,22,研究2/orginal data/22kHz USVs/4LTM/0223处理/EXT3R 2025-01-08  9_06 PM_Stats.xlsx,35,159.0
2,EXT3R,LTM1,50,研究2/orginal data/50kHz USVs/4LTM/EXT3R 2025-02-06  6_25 PM_Stats.xlsx,15,158.0
2,EXT3R,LTM2,22,研究2/orginal data/22kHz USVs/9LTM2/EXT3R 2025-01-20 11_08 PM_Stats.xlsx,15,37.0
2,EXT3R,LTM2,50,研究2/orginal data/50kHz USVs/9LTM2/EXT3R 2025-02-11  5_56 PM_Stats.xlsx,15,58.0
2,EXT3R,extinction1,22,研究2/orginal data/22kHz USVs/3extinction1/0223处理_ext1/EXT3R-ext 2025-01-20 10_51 AM_Stats.xlsx,35,384.0
2,EXT3R,extinction2,22,研究2/orginal data/22kHz USVs/6extinction2/0223处理/EXT3R 2025-01-21  7_19 PM_Stats.xlsx,35,40.0
2,EXT3R,extinction2,50,研究2/orginal data/50kHz USVs/6extinction2/EXT3R 2025-02-06  7_53 PM_Stats.xlsx,15,3.0
2,EXT3R,extinction3,22,研究2/orginal data/22kHz USVs/7extinction3/0223处理/EXT3R 2025-01-23 10_32 PM_Stats.xlsx,35,113.0
2,EXT3R,extinction3,50,研究2/orginal data/50kHz USVs/7extinction3/EXT3R 2025-02-11 11_32 AM_Stats.xlsx,15,160.0
2,EXT3R,extinction4,22,研究2/orginal data/22kHz USVs/8extinction4/EXT3R 2025-01-24 12_39 AM_Stats.xlsx,15,9.0
2,EXT3R,learning,22,研究2/orginal data/22kHz USVs/1learn/0223处理_learn/EXT3R 2025-01-07  9_07 PM_Stats.xlsx,35,241.0
2,EXT3R,learning,50,研究2/orginal data/50kHz USVs/1learn/EXT3R 2025-02-05 11_43 PM_Stats.xlsx,15,780.0
2,EXT3R,renewal,22,研究2/orginal data/22kHz USVs/5renewal/0223处理_renewal/EXT3R 2025-01-09  5_11 PM_Stats.xlsx,35,255.0
2,EXT3R,renewal,50,研究2/orginal data/50kHz USVs/5renewal/EXT3R 2025-02-10  9_14 PM_Stats.xlsx,15,395.0
2,EXT3R,retrieval,22,研究2/orginal data/22kHz USVs/2retrieve/EXT3R-ret 2025-01-20 11_28 AM_Stats.xlsx,15,1.0
2,NOEXT1B,LTM1,22,研究2/orginal data/22kHz USVs/4LTM/0223处理/NO EXT1B 2025-01-01  5_16 PM_Stats.xlsx,35,178.0
2,NOEXT1B,LTM1,50,研究2/orginal data/50kHz USVs/4LTM/NO EXT1B 2025-02-17  7_41 PM_Stats.xlsx,15,1044.0
2,NOEXT1B,LTM2,22,研究2/orginal data/22kHz USVs/9LTM2/NO EXT1B 2025-02-08  4_47 PM_Stats.xlsx,15,357.0
2,NOEXT1B,LTM2,50,研究2/orginal data/50kHz USVs/9LTM2/NO EXT1B 2025-02-17  8_52 PM_Stats.xlsx,15,866.0
2,NOEXT1B,extinction1,50,研究2/orginal data/50kHz USVs/3extinction1/NO EXT1B-extc 2025-02-16 11_46 PM_Stats.xlsx,15,48.0
2,NOEXT1B,extinction2,50,研究2/orginal data/50kHz USVs/6extinction2/NO EXT1B 2025-02-20  5_20 PM_Stats.xlsx,15,64.0
2,NOEXT1B,extinction3,22,研究2/orginal data/22kHz USVs/7extinction3/0223处理/NO EXT1B 2025-02-08  4_16 PM_Stats.xlsx,35,26.0
2,NOEXT1B,extinction3,50,研究2/orginal data/50kHz USVs/7extinction3/NO EXT1B 2025-02-20 11_30 PM_Stats.xlsx,15,31.0
2,NOEXT1B,extinction4,50,研究2/orginal data/50kHz USVs/8extinction4/NO EXT1B 2025-02-21 12_40 AM_Stats.xlsx,15,51.0
2,NOEXT1B,learning,22,研究2/orginal data/22kHz USVs/1learn/0223处理_learn/NO EXT1B 2024-12-31 12_23 AM_Stats.xlsx,35,300.0
2,NOEXT1B,learning,50,研究2/orginal data/50kHz USVs/1learn/NO EXT1B 2025-02-16 10_42 PM_Stats.xlsx,15,1280.0
2,NOEXT1B,renewal,22,研究2/orginal data/22kHz USVs/5renewal/0223处理_renewal/NO EXT1Brenewal 2025-01-02  5_05 PM_Stats.xlsx,35,195.0
2,NOEXT1B,renewal,50,研究2/orginal data/50kHz USVs/5renewal/NO EXT1Brenewal 2025-02-17  8_03 PM_Stats.xlsx,15,527.0
2,NOEXT1B,retrieval,22,研究2/orginal data/22kHz USVs/2retrieve/0223处理_ret/NO EXT1B-retc 2025-02-08  2_42 PM_Stats.xlsx,35,98.0
2,NOEXT1G,LTM1,50,研究2/orginal data/50kHz USVs/4LTM/NO EXT1G 2025-02-17  7_39 PM_Stats.xlsx,15,1.0
2,NOEXT1G,LTM2,22,研究2/orginal data/22kHz USVs/9LTM2/NO EXT1G 2025-02-08  4_49 PM_Stats.xlsx,15,4.0
2,NOEXT1G,LTM2,50,研究2/orginal data/50kHz USVs/9LTM2/NO EXT1G 2025-02-17  8_46 PM_Stats.xlsx,15,76.0
2,NOEXT1G,extinction1,50,研究2/orginal data/50kHz USVs/3extinction1/NO EXT1G-extc 2025-02-16 11_39 PM_Stats.xlsx,15,2.0
2,NOEXT1G,extinction2,50,研究2/orginal data/50kHz USVs/6extinction2/NO EXT1G 2025-02-20  5_09 PM_Stats.xlsx,15,34.0
2,NOEXT1G,extinction3,50,研究2/orginal data/50kHz USVs/7extinction3/NO EXT1G 2025-02-20 11_17 PM_Stats.xlsx,15,164.0
2,NOEXT1G,extinction4,50,研究2/orginal data/50kHz USVs/8extinction4/NO EXT1G 2025-02-21 12_25 AM_Stats.xlsx,15,389.0
2,NOEXT1G,learning,22,研究2/orginal data/22kHz USVs/1learn/0223处理_learn/NO EXT1G 2024-12-31 12_18 AM_Stats.xlsx,35,77.0
2,NOEXT1G,learning,50,研究2/orginal data/50kHz USVs/1learn/NO EXT1G 2025-02-16 10_32 PM_Stats.xlsx,15,108.0
2,NOEXT1G,renewal,50,研究2/orginal data/50kHz USVs/5renewal/NO EXT1Grenewal 2025-02-17  7_58 PM_Stats.xlsx,15,62.0
2,NOEXT1G,retrieval,50,研究2/orginal data/50kHz USVs/2retrieve/NO EXT1G-retc 2025-02-16 11_13 PM_Stats.xlsx,15,5.0
2,NOEXT1R,LTM1,22,研究2/orginal data/22kHz USVs/4LTM/0223处理/NO EXT1R 2025-01-01  4_50 PM_Stats.xlsx,35,14.0
2,NOEXT1R,LTM2,22,研究2/orginal data/22kHz USVs/9LTM2/NO EXT1R 2025-02-08  4_44 PM_Stats.xlsx,15,26.0
2,NOEXT1R,LTM2,50,研究2/orginal data/50kHz USVs/9LTM2/NO EXT1R 2025-02-17  8_42 PM_Stats.xlsx,15,35.0
2,NOEXT1R,extinction1,50,研究2/orginal data/50kHz USVs/3extinction1/NO EXT1R-extc 2025-02-16 11_26 PM_Stats.xlsx,15,4.0
2,NOEXT1R,extinction3,50,研究2/orginal data/50kHz USVs/7extinction3/NO EXT1R 2025-02-20 10_17 PM_Stats.xlsx,15,42.0
2,NOEXT1R,extinction4,50,研究2/orginal data/50kHz USVs/8extinction4/NO EXT1R 2025-02-21 12_17 AM_Stats.xlsx,15,18.0
2,NOEXT1R,learning,22,研究2/orginal data/22kHz USVs/1learn/0223处理_learn/NO EXT1R 2024-12-30 11_36 PM_Stats.xlsx,35,219.0
2,NOEXT1R,learning,50,研究2/orginal data/50kHz USVs/1learn/NO EXT1R 2025-02-16 10_25 PM_Stats.xlsx,15,305.0
2,NOEXT2B,LTM1,22,研究2/orginal data/22kHz USVs/4LTM/0223处理/NO EXT2B 2025-01-09  9_20 AM_Stats.xlsx,35,243.0
2,NOEXT2B,LTM1,50,研究2/orginal data/50kHz USVs/4LTM/NO EXT2B 2025-02-10  7_32 PM_Stats.xlsx,15,409.0
2,NOEXT2B,LTM2,22,研究2/orginal data/22kHz USVs/9LTM2/NO EXT2B 2025-01-20 11_14 PM_Stats.xlsx,15,219.0
2,NOEXT2B,LTM2,50,研究2/orginal data/50kHz USVs/9LTM2/NO EXT2B 2025-02-11  6_30 PM_Stats.xlsx,15,281.0
2,NOEXT2B,extinction1,22,研究2/orginal data/22kHz USVs/3extinction1/0223处理_ext1/NO EXT2B-ext 2025-01-20 11_32 AM_Stats.xlsx,35,19.0
2,NOEXT2B,extinction2,22,研究2/orginal data/22kHz USVs/6extinction2/NO EXT2Bs 2025-01-21  7_38 PM_Stats.xlsx,15,1.0
2,NOEXT2B,extinction2,50,研究2/orginal data/50kHz USVs/6extinction2/NO EXT2Bs 2025-02-06  7_58 PM_Stats.xlsx,15,504.0
2,NOEXT2B,extinction3,22,研究2/orginal data/22kHz USVs/7extinction3/NO EXT2B 2025-01-24 12_12 AM_Stats.xlsx,15,1.0
2,NOEXT2B,extinction3,50,研究2/orginal data/50kHz USVs/7extinction3/NO EXT2B 2025-02-11 12_25 PM_Stats.xlsx,15,30.0
2,NOEXT2B,extinction4,22,研究2/orginal data/22kHz USVs/8extinction4/NO EXT2B 2025-01-24 12_40 AM_Stats.xlsx,15,6.0
2,NOEXT2B,extinction4,50,研究2/orginal data/50kHz USVs/8extinction4/NO EXT2B 2025-02-11  2_07 PM_Stats.xlsx,15,31.0
2,NOEXT2B,learning,22,研究2/orginal data/22kHz USVs/1learn/0223处理_learn/NO EXT2B 2025-01-08 11_25 PM_Stats.xlsx,35,257.0
2,NOEXT2B,learning,50,研究2/orginal data/50kHz USVs/1learn/NO EXT2B 2025-02-08  5_28 PM_Stats.xlsx,15,359.0
2,NOEXT2B,renewal,22,研究2/orginal data/22kHz USVs/5renewal/0223处理_renewal/NO EXT2B 2025-01-09  5_22 PM_Stats.xlsx,35,132.0
2,NOEXT2B,renewal,50,研究2/orginal data/50kHz USVs/5renewal/NO EXT2B 2025-02-10 10_00 PM_Stats.xlsx,15,253.0
2,NOEXT2B,retrieval,22,研究2/orginal data/22kHz USVs/2retrieve/NO EXT2B-ret 2025-01-20 11_37 AM_Stats.xlsx,15,1.0
2,NOEXT2G,LTM1,22,研究2/orginal data/22kHz USVs/4LTM/0223处理/NO EXT2G 2025-01-08  9_41 PM_Stats.xlsx,35,126.0
2,NOEXT2G,LTM1,50,研究2/orginal data/50kHz USVs/4LTM/NO EXT2G 2025-02-10  7_20 PM_Stats.xlsx,15,102.0
2,NOEXT2G,LTM2,22,研究2/orginal data/22kHz USVs/9LTM2/NO EXT2G 2025-01-20 11_35 PM_Stats.xlsx,15,97.0
2,NOEXT2G,LTM2,50,研究2/orginal data/50kHz USVs/9LTM2/NO EXT2G 2025-02-11  6_22 PM_Stats.xlsx,15,114.0
2,NOEXT2G,extinction1,22,研究2/orginal data/22kHz USVs/3extinction1/NO EXT2G-ext 2025-01-20 11_42 AM_Stats.xlsx,15,1.0
2,NOEXT2G,extinction2,22,研究2/orginal data/22kHz USVs/6extinction2/0223处理/NO EXT2Gs 2025-01-21  7_35 PM_Stats.xlsx,35,2.0
2,NOEXT2G,extinction2,50,研究2/orginal data/50kHz USVs/6extinction2/NO EXT2Gs 2025-02-06  8_19 PM_Stats.xlsx,15,2.0
2,NOEXT2G,extinction3,22,研究2/orginal data/22kHz USVs/7extinction3/NO EXT2G 2025-01-23 11_49 PM_Stats.xlsx,15,1.0
2,NOEXT2G,extinction3,50,研究2/orginal data/50kHz USVs/7extinction3/NO EXT2G 2025-02-11 12_15 PM_Stats.xlsx,15,9.0
2,NOEXT2G,extinction4,22,研究2/orginal data/22kHz USVs/8extinction4/NO EXT2G 2025-01-24 12_42 AM_Stats.xlsx,15,3.0
2,NOEXT2G,learning,22,研究2/orginal data/22kHz USVs/1learn/0223处理_learn/NO EXT2G 2025-01-09 12_05 AM_Stats.xlsx,35,193.0
2,NOEXT2G,learning,50,研究2/orginal data/50kHz USVs/1learn/NO EXT2G 2025-02-06 11_56 PM_Stats.xlsx,15,538.0
2,NOEXT2G,renewal,22,研究2/orginal data/22kHz USVs/5renewal/0223处理_renewal/NO EXT2G 2025-01-09  5_26 PM_Stats.xlsx,35,100.0
2,NOEXT2G,renewal,50,研究2/orginal data/50kHz USVs/5renewal/NO EXT2G 2025-02-10  9_55 PM_Stats.xlsx,15,105.0
2,NOEXT2G,retrieval,22,研究2/orginal data/22kHz USVs/2retrieve/NO EXT2G-ret 2025-01-20 11_49 AM_Stats.xlsx,15,1.0
2,NOEXT3B,LTM1,22,研究2/orginal data/22kHz USVs/4LTM/0223处理/NO EXT3B 2025-01-09  9_36 AM_Stats.xlsx,35,42.0
2,NOEXT3B,LTM1,50,研究2/orginal data/50kHz USVs/4LTM/NO EXT3B 2025-02-10  8_31 PM_Stats.xlsx,15,44.0
2,NOEXT3B,LTM2,22,研究2/orginal data/22kHz USVs/9LTM2/NO EXT3B 2025-01-20 11_46 PM_Stats.xlsx,15,4.0
2,NOEXT3B,LTM2,50,研究2/orginal data/50kHz USVs/9LTM2/NO EXT3B 2025-02-11  6_39 PM_Stats.xlsx,15,51.0
2,NOEXT3B,extinction1,22,研究2/orginal data/22kHz USVs/3extinction1/NO EXT3B-ext 2025-01-20 11_55 AM_Stats.xlsx,15,1.0
2,NOEXT3B,extinction1,50,研究2/orginal data/50kHz USVs/3extinction1/NO EXT3B-ext 2025-02-10 12_17 AM_Stats.xlsx,15,41.0
2,NOEXT3B,extinction2,22,研究2/orginal data/22kHz USVs/6extinction2/NO EXT3B 2025-01-21  7_47 PM_Stats.xlsx,15,0.0
2,NOEXT3B,extinction2,50,研究2/orginal data/50kHz USVs/6extinction2/NO EXT3B 2025-02-06  8_24 PM_Stats.xlsx,15,70.0
2,NOEXT3B,extinction3,22,研究2/orginal data/22kHz USVs/7extinction3/NO EXT3B 2025-01-24 12_27 AM_Stats.xlsx,15,1.0
2,NOEXT3B,extinction3,50,研究2/orginal data/50kHz USVs/7extinction3/NO EXT3B 2025-02-11 12_52 PM_Stats.xlsx,15,100.0
2,NOEXT3B,extinction4,22,研究2/orginal data/22kHz USVs/8extinction4/NO EXT3B 2025-01-24 12_43 AM_Stats.xlsx,15,12.0
2,NOEXT3B,extinction4,50,研究2/orginal data/50kHz USVs/8extinction4/NO EXT3B 2025-02-11  2_35 PM_Stats.xlsx,15,58.0
2,NOEXT3B,learning,50,研究2/orginal data/50kHz USVs/1learn/NO EXT3B 2025-02-05 11_51 PM_Stats.xlsx,15,41.0
2,NOEXT3B,renewal,22,研究2/orginal data/22kHz USVs/5renewal/NO EXT3B 2025-01-09  5_36 PM_Stats.xlsx,15,4.0
2,NOEXT3B,renewal,50,研究2/orginal data/50kHz USVs/5renewal/NO EXT3B 2025-02-10  9_40 PM_Stats.xlsx,15,7.0
2,NOEXT3B,retrieval,22,研究2/orginal data/22kHz USVs/2retrieve/NO EXT3B-ret 2025-01-20 11_58 AM_Stats.xlsx,15,1.0
2,NOEXT3G,LTM1,22,研究2/orginal data/22kHz USVs/4LTM/0223处理/NO EXT3G 2025-01-08  9_50 PM_Stats.xlsx,35,119.0
2,NOEXT3G,LTM1,50,研究2/orginal data/50kHz USVs/4LTM/NO EXT3G 2025-02-10  8_14 PM_Stats.xlsx,15,71.0
2,NOEXT3G,LTM2,22,研究2/orginal data/22kHz USVs/9LTM2/NO EXT3G 2025-01-20 11_51 PM_Stats.xlsx,15,117.0
2,NOEXT3G,extinction1,22,研究2/orginal data/22kHz USVs/3extinction1/NO EXT3G-ext 2025-01-20 12_02 PM_Stats.xlsx,15,1.0
2,NOEXT3G,extinction2,22,研究2/orginal data/22kHz USVs/6extinction2/NO EXT3G 2025-01-21  7_51 PM_Stats.xlsx,15,0.0
2,NOEXT3G,extinction2,50,研究2/orginal data/50kHz USVs/6extinction2/NO EXT3G 2025-02-06  8_32 PM_Stats.xlsx,15,1.0
2,NOEXT3G,extinction3,22,研究2/orginal data/22kHz USVs/7extinction3/NO EXT3G 2025-01-24 12_24 AM_Stats.xlsx,15,1.0
2,NOEXT3G,extinction3,50,研究2/orginal data/50kHz USVs/7extinction3/NO EXT3G 2025-02-11 12_45 PM_Stats.xlsx,15,29.0
2,NOEXT3G,extinction4,22,研究2/orginal data/22kHz USVs/8extinction4/NO EXT3G 2025-01-24 12_45 AM_Stats.xlsx,15,11.0
2,NOEXT3G,extinction4,50,研究2/orginal data/50kHz USVs/8extinction4/NO EXT3G 2025-02-11  2_28 PM_Stats.xlsx,15,2.0
2,NOEXT3G,learning,22,研究2/orginal data/22kHz USVs/1learn/0223处理_learn/NO EXT3G 2025-01-09 12_17 AM_Stats.xlsx,35,475.0
2,NOEXT3G,learning,50,研究2/orginal data/50kHz USVs/1learn/NO EXT3G 2025-02-05 11_53 PM_Stats.xlsx,15,1043.0
2,NOEXT3G,renewal,22,研究2/orginal data/22kHz USVs/5renewal/0223处理_renewal/NO EXT3G 2025-01-09  5_33 PM_Stats.xlsx,35,6.0
2,NOEXT3G,renewal,50,研究2/orginal data/50kHz USVs/5renewal/NO EXT3G 2025-02-10 10_13 PM_Stats.xlsx,15,5.0
2,NOEXT3G,retrieval,22,研究2/orginal data/22kHz USVs/2retrieve/NO EXT3G-ret 2025-01-20 12_05 PM_Stats.xlsx,15,1.0
2,NOEXT3R,LTM1,22,研究2/orginal data/22kHz USVs/4LTM/0223处理/NO EXT3R 2025-01-09  9_41 AM_Stats.xlsx,35,89.0
2,NOEXT3R,LTM1,50,研究2/orginal data/50kHz USVs/4LTM/NO EXT3R 2025-02-10  8_07 PM_Stats.xlsx,15,140.0
2,NOEXT3R,LTM2,22,研究2/orginal data/22kHz USVs/9LTM2/NO EXT3R 2025-01-21 12_03 AM_Stats.xlsx,15,54.0
2,NOEXT3R,LTM2,50,研究2/orginal data/50kHz USVs/9LTM2/NO EXT3R 2025-02-11  6_36 PM_Stats.xlsx,15,98.0
2,NOEXT3R,extinction1,22,研究2/orginal data/22kHz USVs/3extinction1/NO EXT3R-ext 2025-01-20 12_09 PM_Stats.xlsx,15,1.0
2,NOEXT3R,extinction1,50,研究2/orginal data/50kHz USVs/3extinction1/NO EXT3R-ext 2025-02-09 11_57 PM_Stats.xlsx,15,5.0
2,NOEXT3R,extinction2,22,研究2/orginal data/22kHz USVs/6extinction2/NO EXT3R 2025-01-21  7_42 PM_Stats.xlsx,15,1.0
2,NOEXT3R,extinction2,50,研究2/orginal data/50kHz USVs/6extinction2/NO EXT3R 2025-02-06  8_36 PM_Stats.xlsx,15,5.0
2,NOEXT3R,extinction3,22,研究2/orginal data/22kHz USVs/7extinction3/NO EXT3R 2025-01-24 12_18 AM_Stats.xlsx,15,1.0
2,NOEXT3R,extinction3,50,研究2/orginal data/50kHz USVs/7extinction3/NO EXT3R 2025-02-11 12_40 PM_Stats.xlsx,15,12.0
2,NOEXT3R,extinction4,22,研究2/orginal data/22kHz USVs/8extinction4/NO EXT3R 2025-01-24 12_46 AM_Stats.xlsx,15,7.0
2,NOEXT3R,extinction4,50,研究2/orginal data/50kHz USVs/8extinction4/NO EXT3R 2025-02-11  2_17 PM_Stats.xlsx,15,6.0
2,NOEXT3R,learning,22,研究2/orginal data/22kHz USVs/1learn/0223处理_learn/NO EXT3R 2025-01-07 11_28 PM_Stats.xlsx,35,301.0
2,NOEXT3R,learning,50,研究2/orginal data/50kHz USVs/1learn/NO EXT3R 2025-02-05 11_55 PM_Stats.xlsx,15,593.0
2,NOEXT3R,renewal,22,研究2/orginal data/22kHz USVs/5renewal/NO EXT3R 2025-01-09  5_39 PM_Stats.xlsx,15,4.0
2,NOEXT3R,renewal,50,研究2/orginal data/50kHz USVs/5renewal/NO EXT3R 2025-02-10 10_07 PM_Stats.xlsx,15,5.0
2,NOEXT3R,retrieval,22,研究2/orginal data/22kHz USVs/2retrieve/NO EXT3R-ret 2025-01-20 12_12 PM_Stats.xlsx,15,1.0
